﻿{
    "Properties": [
        {
            "season_color": "#F25D00",
            "season_name": "ЖАЖДА СКОРОСТИ 3",
            "season_days": 49,
            "bg_season_bp": "bg_season_calendar.png",
            "ic_season_bp": "ic_season_bp.png",
            "bgImage": "bg_bp.png",
            "leftImage": "img_bp_left_ch.png",
            "rightImage": "img_bp_right_ch.png",
            "dailyTasksPremiumAmount": 10,
            "dailyTasksAmount": 6,
            "dailyTasksReward": 1000,
            "weeklyTasksPremiumAmount": 7,
            "weeklyTasksAmount": 5,
            "weeklyTasksReward": 5000,
            "weaklyTasksPremiumAmount": 7,
            "weaklyTasksAmount": 5,
            "weaklyTasksReward": 5000,
            "levelExp": 1000,
            "levelPrice": 150,
            "seasonNumber": 23
        }
    ],
    "DeluxeRewards": [
    {
        "id": 1,
        "name": "Porsche 930",
        "nameStore": "930",
        "typeId": 5,
        "awardId": 28673,
        "count": 0,
        "subcount": 101,
        "renderId": "img_28673.png"
    },
    {
        "id": 2,
        "name": "VIP PLATINUM НА 15 Д.",
        "typeId": 9,
        "awardId": 3,
        "count": 360
    },
    {
        "id": 3,
        "name": "X200 ПЫЛЬ",
        "typeId": 21,
        "awardId": 0,
        "count": 200
    },
    {
        "id": 4,
        "name": "10 уровней BP",
        "typeId": 10,
        "awardId": 0,
        "count": 10000
    }
  ],
    "PremiumLevel": [
    {
        "id": 1,
        "name": "40 BC",
        "description": "40 BC",
        "rarity": 3,
        "typeId": 3,
        "awardId": 0,
        "count": 40,
        "typeReward": 0
    },
    {
        "id": 2,
        "name": "15000 Р",
        "description": "15000 Р",
        "rarity": 2,
        "typeId": 2,
        "awardId": 0,
        "count": 15000,
        "typeReward": 0
    },
    {
        "id": 3,
        "name": "10 BC",
        "description": "10 BC",
        "rarity": 2,
        "typeId": 3,
        "awardId": 0,
        "count": 10,
        "typeReward": 0
    },
    {
        "id": 4,
        "name": "X10 ПЫЛЬ",
        "description": "X10 ПЫЛЬ",
        "rarity": 1,
        "typeId": 21,
        "awardId": 0,
        "count": 10,
        "typeReward": 0
    },
    {
        "id": 5,
        "name": "Сумка",
        "description": "Сумка Починил!",
        "rarity": 4,
        "typeId": 11,
        "awardId": 995,
        "count": 1,
        "typeReward": 1,
        "renderId": "img_32132.png"
    },
    {
        "id": 6,
        "name": "GOLD 2Ч.",
        "description": "VIP GOLD НА 2Ч.",
        "rarity": 1,
        "typeId": 9,
        "awardId": 2,
        "count": 2,
        "typeReward": 0
    },
    {
        "id": 7,
        "name": "15000 Р",
        "description": "15000 Р",
        "rarity": 2,
        "typeId": 2,
        "awardId": 0,
        "count": 15000,
        "typeReward": 0
    },
    {
        "id": 8,
        "name": "10 BC",
        "description": "10 BC",
        "rarity": 2,
        "typeId": 3,
        "awardId": 0,
        "count": 10,
        "typeReward": 0
    },
    {
        "id": 9,
        "name": "БОМЖА X1",
        "description": "КЕЙС БОМЖА X1",
        "rarity": 2,
        "typeId": 4,
        "awardId": 2,
        "count": 1,
        "typeReward": 0
    },
    {
        "id": 10,
        "name": "Mitsubishi EVO 7",
        "nameStore": "Mitsu EVA 7 ",
        "description": "Mitsubishi Lancer EVO 7",
        "descriptionStore": "Mitsu EVA 7 ",
        "rarity": 5,
        "typeId": 5,
        "awardId": 28674,
        "count": 0,
        "subcount": 102,
        "typeReward": 1,
        "renderId": "img_28674.png"
    },
    {
        "id": 11,
        "name": "ДРЕВЕСИНА",
        "description": "ДРЕВЕСИНА",
        "rarity": 1,
        "typeId": 11,
        "awardId": 795,
        "count": 1,
        "typeReward": 0,
        "renderId": "img_9997.png",
        "imagePath": "components/"
    },
    {
        "id": 12,
        "name": "15000 Р",
        "description": "15000 Р",
        "rarity": 2,
        "typeId": 2,
        "awardId": 0,
        "count": 15000,
        "typeReward": 0
    },
    {
        "id": 13,
        "name": "10 BC",
        "description": "10 BC",
        "rarity": 2,
        "typeId": 3,
        "awardId": 0,
        "count": 10,
        "typeReward": 0
    },
    {
        "id": 14,
        "name": "X10 ПЫЛЬ",
        "description": "X10 ПЫЛЬ",
        "rarity": 1,
        "typeId": 21,
        "awardId": 0,
        "count": 10,
        "typeReward": 0
    },
    {
        "id": 15,
        "name": "Жилет",
        "description": "Жилет Детектива",
        "rarity": 4,
        "typeId": 11,
        "awardId": 996,
        "count": 1,
        "typeReward": 1,
        "renderId": "img_32133.png"
    },
    {
        "id": 16,
        "name": "GOLD 2Ч.",
        "description": "VIP GOLD НА 2Ч.",
        "rarity": 1,
        "typeId": 9,
        "awardId": 2,
        "count": 2,
        "typeReward": 0
    },
    {
        "id": 17,
        "name": "15000 Р",
        "description": "15000 Р",
        "rarity": 2,
        "typeId": 2,
        "awardId": 0,
        "count": 15000,
        "typeReward": 0
    },
    {
        "id": 18,
        "name": "10 BC",
        "description": "10 BC",
        "rarity": 2,
        "typeId": 3,
        "awardId": 0,
        "count": 10,
        "typeReward": 0
    },
    {
        "id": 19,
        "name": "ЕЖЕДНЕВНЫЙ X1",
        "description": "ЕЖЕДНЕВНЫЙ КЕЙС X1",
        "rarity": 2,
        "typeId": 4,
        "awardId": 1,
        "count": 1,
        "typeReward": 0
    },
    {
        "id": 20,
        "name": "Уличный",
        "description": "Виктор Уличный",
        "rarity": 4,
        "typeId": 11,
        "awardId": 134,
        "count": 5500020,
        "typeReward": 1,
        "renderId": "img_5500020.png"
    },
    {
        "id": 21,
        "name": "ЖЕЛЕЗО",
        "description": "ЖЕЛЕЗО",
        "rarity": 1,
        "typeId": 11,
        "awardId": 763,
        "count": 1,
        "typeReward": 0,
        "renderId": "img_9966.png",
        "imagePath": "components/"
    },
    {
        "id": 22,
        "name": "15000 Р",
        "description": "15000 Р",
        "rarity": 2,
        "typeId": 2,
        "awardId": 0,
        "count": 15000,
        "typeReward": 0
    },
    {
        "id": 23,
        "name": "10 BC",
        "description": "10 BC",
        "rarity": 2,
        "typeId": 3,
        "awardId": 0,
        "count": 10,
        "typeReward": 0
    },
    {
        "id": 24,
        "name": "X15 ПЫЛЬ",
        "description": "X15 ПЫЛЬ",
        "rarity": 1,
        "typeId": 21,
        "awardId": 0,
        "count": 15,
        "typeReward": 0
    },
    {
        "id": 25,
        "name": "БОМЖА X2",
        "description": "КЕЙС БОМЖА X2",
        "rarity": 2,
        "typeId": 4,
        "awardId": 2,
        "count": 2,
        "typeReward": 1
    },
    {
        "id": 26,
        "name": "GOLD 2Ч.",
        "description": "VIP GOLD НА 2Ч.",
        "rarity": 1,
        "typeId": 9,
        "awardId": 2,
        "count": 2,
        "typeReward": 0
    },
    {
        "id": 27,
        "name": "15000 Р",
        "description": "15000 Р",
        "rarity": 2,
        "typeId": 2,
        "awardId": 0,
        "count": 15000,
        "typeReward": 0
    },
    {
        "id": 28,
        "name": "10 BC",
        "description": "10 BC",
        "rarity": 2,
        "typeId": 3,
        "awardId": 0,
        "count": 10,
        "typeReward": 0
    },
    {
        "id": 29,
        "name": "БОМЖА X1",
        "description": "КЕЙС БОМЖА X1",
        "rarity": 2,
        "typeId": 4,
        "awardId": 2,
        "count": 1,
        "typeReward": 0
    },
    {
        "id": 30,
        "name": "Dodge Charger Police",
        "nameStore": "Charger Police",
        "description": "Dodge Charger Police",
        "descriptionStore": "Charger Police",
        "rarity": 5,
        "typeId": 5,
        "awardId": 28675,
        "count": 0,
        "subcount": 103,
        "typeReward": 1,
        "renderId": "img_28675.png"
    },
    {
        "id": 31,
        "name": "ТЕКСТИЛЬНОЕ ВОЛОКНО",
        "description": "ТЕКСТИЛЬНОЕ ВОЛОКНО",
        "rarity": 1,
        "typeId": 11,
        "awardId": 802,
        "count": 1,
        "typeReward": 0,
        "renderId": "img_5271.png",
        "imagePath": "components/"
    },
    {
        "id": 32,
        "name": "20000 Р",
        "description": "20000 Р",
        "rarity": 2,
        "typeId": 2,
        "awardId": 0,
        "count": 20000,
        "typeReward": 0
    },
    {
        "id": 33,
        "name": "10 BC",
        "description": "10 BC",
        "rarity": 2,
        "typeId": 3,
        "awardId": 0,
        "count": 10,
        "typeReward": 0
    },
    {
        "id": 34,
        "name": "X15 ПЫЛЬ",
        "description": "X15 ПЫЛЬ",
        "rarity": 1,
        "typeId": 21,
        "awardId": 0,
        "count": 15,
        "typeReward": 0
    },
    {
        "id": 35,
        "name": "ЕЖЕДНЕВНЫЙ X1",
        "description": "ЕЖЕДНЕВНЫЙ КЕЙС X1",
        "rarity": 2,
        "typeId": 4,
        "awardId": 1,
        "count": 1,
        "typeReward": 0
    },
    {
        "id": 36,
        "name": "GOLD 2Ч.",
        "description": "VIP GOLD НА 2Ч.",
        "rarity": 1,
        "typeId": 9,
        "awardId": 2,
        "count": 2,
        "typeReward": 0
    },
    {
        "id": 37,
        "name": "20000 Р",
        "description": "20000 Р",
        "rarity": 2,
        "typeId": 2,
        "awardId": 0,
        "count": 20000,
        "typeReward": 0
    },
    {
        "id": 38,
        "name": "10 BC",
        "description": "10 BC",
        "rarity": 2,
        "typeId": 3,
        "awardId": 0,
        "count": 10,
        "typeReward": 0
    },
    {
        "id": 39,
        "name": "БОМЖА X1",
        "description": "КЕЙС БОМЖА X1",
        "rarity": 2,
        "typeId": 4,
        "awardId": 2,
        "count": 1,
        "typeReward": 0
    },
    {
        "id": 40,
        "name": "Детектив",
        "description": "Филин Детектив",
        "rarity": 4,
        "typeId": 11,
        "awardId": 134,
        "count": 5500022,
        "typeReward": 1,
        "renderId": "img_5500022.png"
    },
    {
        "id": 41,
        "name": "КОЖА",
        "description": "КОЖА",
        "rarity": 2,
        "typeId": 11,
        "awardId": 765,
        "count": 1,
        "typeReward": 0,
        "renderId": "img_5284.png",
        "imagePath": "components/"
    },
    {
        "id": 42,
        "name": "20000 Р",
        "description": "20000 Р",
        "rarity": 2,
        "typeId": 2,
        "awardId": 0,
        "count": 20000,
        "typeReward": 0
    },
    {
        "id": 43,
        "name": "10 BC",
        "description": "10 BC",
        "rarity": 2,
        "typeId": 3,
        "awardId": 0,
        "count": 10,
        "typeReward": 0
    },
    {
        "id": 44,
        "name": "X15 ПЫЛЬ",
        "description": "X15 ПЫЛЬ",
        "rarity": 1,
        "typeId": 21,
        "awardId": 0,
        "count": 15,
        "typeReward": 0
    },
    {
        "id": 45,
        "name": "БОМЖА X2",
        "description": "КЕЙС БОМЖА X2",
        "rarity": 2,
        "typeId": 4,
        "awardId": 2,
        "count": 2,
        "typeReward": 1
    },
    {
        "id": 46,
        "name": "PLATINUM 2Ч.",
        "description": "VIP PLATINUM НА 2Ч.",
        "rarity": 2,
        "typeId": 9,
        "awardId": 3,
        "count": 2,
        "typeReward": 0
    },
    {
        "id": 47,
        "name": "20000 Р",
        "description": "20000 Р",
        "rarity": 2,
        "typeId": 2,
        "awardId": 0,
        "count": 20000,
        "typeReward": 0
    },
    {
        "id": 48,
        "name": "10 BC",
        "description": "10 BC",
        "rarity": 2,
        "typeId": 3,
        "awardId": 0,
        "count": 10,
        "typeReward": 0
    },
    {
        "id": 49,
        "name": "БОМЖА X1",
        "description": "КЕЙС БОМЖА X1",
        "rarity": 2,
        "typeId": 4,
        "awardId": 2,
        "count": 1,
        "typeReward": 0
    },
    {
        "id": 50,
        "name": "Рюкзак",
        "description": "Рюкзак На старт!",
        "rarity": 4,
        "typeId": 11,
        "awardId": 997,
        "count": 1,
        "typeReward": 1,
        "renderId": "img_32134.png" 
    },
    {
        "id": 51,
        "name": "РАДИОДЕТАЛИ",
        "description": "РАДИОДЕТАЛИ",
        "rarity": 1,
        "typeId": 11,
        "awardId": 800,
        "count": 1,
        "typeReward": 0,
        "renderId": "img_5278.png",
        "imagePath": "components/"
    },
    {
        "id": 52,
        "name": "20000 Р",
        "description": "20000 Р",
        "rarity": 2,
        "typeId": 2,
        "awardId": 0,
        "count": 20000,
        "typeReward": 0
    },
    {
        "id": 53,
        "name": "15 BC",
        "description": "15 BC",
        "rarity": 2,
        "typeId": 3,
        "awardId": 0,
        "count": 15,
        "typeReward": 0
    },
    {
        "id": 54,
        "name": "X20 ПЫЛЬ",
        "description": "X20 ПЫЛЬ",
        "rarity": 2,
        "typeId": 21,
        "awardId": 0,
        "count": 20,
        "typeReward": 0
    },
    {
        "id": 55,
        "name": "СТАНДАРТНЫЙ X1",
        "description": "СТАНДАРТНЫЙ КЕЙС X1",
        "rarity": 4,
        "typeId": 4,
        "awardId": 3,
        "count": 1,
        "typeReward": 1
    },
    {
        "id": 56,
        "name": "PLATINUM 2Ч.",
        "description": "VIP PLATINUM НА 2Ч.",
        "rarity": 2,
        "typeId": 9,
        "awardId": 3,
        "count": 2,
        "typeReward": 0
    },
    {
        "id": 57,
        "name": "20000 Р",
        "description": "20000 Р",
        "rarity": 2,
        "typeId": 2,
        "awardId": 0,
        "count": 20000,
        "typeReward": 0
    },
    {
        "id": 58,
        "name": "15 BC",
        "description": "15 BC",
        "rarity": 2,
        "typeId": 3,
        "awardId": 0,
        "count": 15,
        "typeReward": 0
    },
    {
        "id": 59,
        "name": "БОМЖА X1",
        "description": "КЕЙС БОМЖА X1",
        "rarity": 2,
        "typeId": 4,
        "awardId": 2,
        "count": 1,
        "typeReward": 0
    },
    {
        "id": 60,
        "name": "Mazda RX7 Veilside",
        "nameStore": "RK7 Side",
        "description": "Mazda RX7 Veilside",
        "descriptionStore": "RK7 Side",
        "rarity": 5,
        "typeId": 5,
        "awardId": 28676,
        "count": 0,
        "subcount": 104,
        "typeReward": 1,
        "renderId": "img_28676.png"
    },    
    {
        "id": 61,
        "name": "10000 Р",
        "description": "10000 Р",
        "rarity": 1,
        "typeId": 2,
        "awardId": 0,
        "count": 10000,
        "typeReward": 0
    } 
  ],
    "StandartLevel": [
    {
        "id": 1,
        "name": "GOLD 8Ч.",
        "description": "VIP GOLD НА 8Ч.",
        "rarity": 2,
        "typeId": 9,
        "awardId": 2,
        "count": 8,
        "typeReward": 0
    },
    {
        "id": 2,
        "name": "5000 Р",
        "description": "5000 Р",
        "rarity": 1,
        "typeId": 2,
        "awardId": 0,
        "count": 5000,
        "typeReward": 0
    },
    {
        "id": 3,
        "name": "5 EXP",
        "description": "5 EXP",
        "rarity": 1,
        "typeId": 1,
        "awardId": 0,
        "count": 5,
        "typeReward": 0
    },
    {
        "id": 4,
        "name": "X10 ПЫЛЬ",
        "description": "X10 ПЫЛЬ",
        "rarity": 1,
        "typeId": 21,
        "awardId": 0,
        "count": 10,
        "typeReward": 0
    },
    {
        "id": 5,
        "name": "ЕЖЕДНЕВНЫЙ X1",
        "description": "ЕЖЕДНЕВНЫЙ КЕЙС X1",
        "rarity": 2,
        "typeId": 4,
        "awardId": 1,
        "count": 1,
        "typeReward": 0
    },
    {
        "id": 6,
        "name": "SILVER 2Ч.",
        "description": "VIP SILVER НА 2Ч.",
        "rarity": 1,
        "typeId": 9,
        "awardId": 1,
        "count": 2,
        "typeReward": 0
    },
    {
        "id": 7,
        "name": "5000 Р",
        "description": "5000 Р",
        "rarity": 1,
        "typeId": 2,
        "awardId": 0,
        "count": 5000,
        "typeReward": 0
    },
    {
        "id": 8,
        "name": "5 BC",
        "description": "5 BC",
        "rarity": 1,
        "typeId": 3,
        "awardId": 0,
        "count": 5,
        "typeReward": 0
    },
    {
        "id": 9,
        "name": "X2 НА 24Ч.",
        "description": "X2 КУПОН НА 24Ч.",
        "rarity": 1,
        "typeId": 8,
        "awardId": 0,
        "count": 24,
        "typeReward": 0
    },
    {
        "id": 10,
        "name": "Очки",
        "description": "Очки Лихача",
        "rarity": 4,
        "typeId": 11,
        "awardId": 994,
        "count": 1,
        "typeReward": 1,
        "renderId": "img_32131.png"
    },
    {
        "id": 11,
        "name": "БОКСИТЫ",
        "description": "БОКСИТЫ",
        "rarity": 1,
        "typeId": 11,
        "awardId": 794,
        "count": 1,
        "typeReward": 0,
        "renderId": "img_9974.png",
        "imagePath": "components/"
    },
    {
        "id": 12,
        "name": "5000 Р",
        "description": "5000 Р",
        "rarity": 1,
        "typeId": 2,
        "awardId": 0,
        "count": 5000,
        "typeReward": 0
    },
    {
        "id": 13,
        "name": "5 EXP",
        "description": "5 EXP",
        "rarity": 1,
        "typeId": 1,
        "awardId": 0,
        "count": 5,
        "typeReward": 0
    },
    {
        "id": 14,
        "name": "X5 ПЫЛЬ",
        "description": "X5 ПЫЛЬ",
        "rarity": 1,
        "typeId": 21,
        "awardId": 0,
        "count": 5,
        "typeReward": 0
    },
    {
        "id": 15,
        "name": "ЕЖЕДНЕВНЫЙ X1",
        "description": "ЕЖЕДНЕВНЫЙ КЕЙС X1",
        "rarity": 2,
        "typeId": 4,
        "awardId": 1,
        "count": 1,
        "typeReward": 0
    },
    {
        "id": 16,
        "name": "SILVER 2Ч.",
        "description": "VIP SILVER НА 2Ч.",
        "rarity": 1,
        "typeId": 9,
        "awardId": 1,
        "count": 2,
        "typeReward": 0
    },
    {
        "id": 17,
        "name": "5000 Р",
        "description": "5000 Р",
        "rarity": 1,
        "typeId": 2,
        "awardId": 0,
        "count": 5000,
        "typeReward": 0
    },
    {
        "id": 18,
        "name": "5 BC",
        "description": "5 BC",
        "rarity": 1,
        "typeId": 3,
        "awardId": 0,
        "count": 5,
        "typeReward": 0
    },
    {
        "id": 19,
        "name": "X2 НА 24Ч.",
        "description": "X2 КУПОН НА 24Ч.",
        "rarity": 1,
        "typeId": 8,
        "awardId": 0,
        "count": 24,
        "typeReward": 0
    },
    {
        "id": 20,
        "name": "БОМЖА X1",
        "description": "КЕЙС БОМЖА X1",
        "rarity": 2,
        "typeId": 4,
        "awardId": 2,
        "count": 1,
        "typeReward": 1
    },
    {
        "id": 21,
        "name": "РЕАГЕНТЫ",
        "description": "РЕАГЕНТЫ",
        "rarity": 1,
        "typeId": 11,
        "awardId": 801,
        "count": 1,
        "typeReward": 0,
        "renderId": "img_5288.png",
        "imagePath": "components/"
    },
    {
        "id": 22,
        "name": "5000 Р",
        "description": "5000 Р",
        "rarity": 1,
        "typeId": 2,
        "awardId": 0,
        "count": 5000,
        "typeReward": 0
    },
    {
        "id": 23,
        "name": "5 EXP",
        "description": "5 EXP",
        "rarity": 1,
        "typeId": 1,
        "awardId": 0,
        "count": 5,
        "typeReward": 0
    },
    {
        "id": 24,
        "name": "X5 ПЫЛЬ",
        "description": "X5 ПЫЛЬ",
        "rarity": 1,
        "typeId": 21,
        "awardId": 0,
        "count": 5,
        "typeReward": 0
    },
    {
        "id": 25,
        "name": "ЕЖЕДНЕВНЫЙ X1",
        "description": "ЕЖЕДНЕВНЫЙ КЕЙС X1",
        "rarity": 2,
        "typeId": 4,
        "awardId": 1,
        "count": 1,
        "typeReward": 0
    },
    {
        "id": 26,
        "name": "SILVER 2Ч.",
        "description": "VIP SILVER НА 2Ч.",
        "rarity": 1,
        "typeId": 9,
        "awardId": 1,
        "count": 2,
        "typeReward": 0
    },
    {
        "id": 27,
        "name": "5000 Р",
        "description": "5000 Р",
        "rarity": 1,
        "typeId": 2,
        "awardId": 0,
        "count": 5000,
        "typeReward": 0
    },
    {
        "id": 28,
        "name": "5 BC",
        "description": "5 BC",
        "rarity": 1,
        "typeId": 3,
        "awardId": 0,
        "count": 5,
        "typeReward": 0
    },
    {
        "id": 29,
        "name": "X2 НА 24Ч.",
        "description": "X2 КУПОН НА 24Ч.",
        "rarity": 1,
        "typeId": 8,
        "awardId": 0,
        "count": 24,
        "typeReward": 0
    },
    {
        "id": 30,
        "name": "Драйвовый",
        "description": "Нико Драйвовый",
        "rarity": 4,
        "typeId": 11,
        "awardId": 134,
        "count": 5500021,
        "typeReward": 1,
        "renderId": "img_5500021.png"
    },
    {
        "id": 31,
        "name": "КЛЕЙ",
        "description": "КЛЕЙ",
        "rarity": 1,
        "typeId": 11,
        "awardId": 764,
        "count": 1,
        "typeReward": 0,
        "renderId": "img_5275.png",
        "imagePath": "components/"
    },
    {
        "id": 32,
        "name": "7500 Р",
        "description": "7500 Р",
        "rarity": 1,
        "typeId": 2,
        "awardId": 0,
        "count": 7500,
        "typeReward": 0
    },
    {
        "id": 33,
        "name": "10 EXP",
        "description": "10 EXP",
        "rarity": 1,
        "typeId": 1,
        "awardId": 0,
        "count": 10,
        "typeReward": 0
    },
    {
        "id": 34,
        "name": "X5 ПЫЛЬ",
        "description": "X5 ПЫЛЬ",
        "rarity": 1,
        "typeId": 21,
        "awardId": 0,
        "count": 5,
        "typeReward": 0
    },
    {
        "id": 35,
        "name": "ЕЖЕДНЕВНЫЙ X1",
        "description": "ЕЖЕДНЕВНЫЙ КЕЙС X1",
        "rarity": 2,
        "typeId": 4,
        "awardId": 1,
        "count": 1,
        "typeReward": 0
    },
    {
        "id": 36,
        "name": "SILVER 2Ч.",
        "description": "VIP SILVER НА 2Ч.",
        "rarity": 1,
        "typeId": 9,
        "awardId": 1,
        "count": 2,
        "typeReward": 0
    },
    {
        "id": 37,
        "name": "7500 Р",
        "description": "7500 Р",
        "rarity": 1,
        "typeId": 2,
        "awardId": 0,
        "count": 7500,
        "typeReward": 0
    },
    {
        "id": 38,
        "name": "5 BC",
        "description": "5 BC",
        "rarity": 1,
        "typeId": 3,
        "awardId": 0,
        "count": 5,
        "typeReward": 0
    },
    {
        "id": 39,
        "name": "X2 НА 24Ч.",
        "description": "X2 КУПОН НА 24Ч.",
        "rarity": 1,
        "typeId": 8,
        "awardId": 0,
        "count": 24,
        "typeReward": 0
    },
    {
        "id": 40,
        "name": "БОМЖА X1",
        "description": "КЕЙС БОМЖА X1",
        "rarity": 2,
        "typeId": 4,
        "awardId": 2,
        "count": 1,
        "typeReward": 1
    },
    {
        "id": 41,
        "name": "ШКУРА ЖИВОТНОГО",
        "description": "ШКУРА ЖИВОТНОГО",
        "rarity": 1,
        "typeId": 11,
        "awardId": 803,
        "count": 1,
        "typeReward": 0,
        "renderId": "img_9980.png",
        "imagePath": "components/"
    },
    {
        "id": 42,
        "name": "7500 Р",
        "description": "7500 Р",
        "rarity": 1,
        "typeId": 2,
        "awardId": 0,
        "count": 7500,
        "typeReward": 0
    },
    {
        "id": 43,
        "name": "10 EXP",
        "description": "10 EXP",
        "rarity": 2,
        "typeId": 1,
        "awardId": 0,
        "count": 10,
        "typeReward": 0
    },
    {
        "id": 44,
        "name": "X10 ПЫЛЬ",
        "description": "X10 ПЫЛЬ",
        "rarity": 1,
        "typeId": 21,
        "awardId": 0,
        "count": 10,
        "typeReward": 0
    },
    {
        "id": 45,
        "name": "ЕЖЕДНЕВНЫЙ X1",
        "description": "ЕЖЕДНЕВНЫЙ КЕЙС X1",
        "rarity": 2,
        "typeId": 4,
        "awardId": 1,
        "count": 1,
        "typeReward": 0
    },
    {
        "id": 46,
        "name": "GOLD 2Ч.",
        "description": "VIP GOLD НА 2Ч.",
        "rarity": 1,
        "typeId": 9,
        "awardId": 2,
        "count": 2,
        "typeReward": 0
    },
    {
        "id": 47,
        "name": "7500 Р",
        "description": "7500 Р",
        "rarity": 1,
        "typeId": 2,
        "awardId": 0,
        "count": 7500,
        "typeReward": 0
    },
    {
        "id": 48,
        "name": "10 BC",
        "description": "10 BC",
        "rarity": 2,
        "typeId": 3,
        "awardId": 0,
        "count": 10,
        "typeReward": 0
    },
    {
        "id": 49,
        "name": "X2 НА 24Ч.",
        "description": "X2 КУПОН НА 24Ч.",
        "rarity": 1,
        "typeId": 8,
        "awardId": 0,
        "count": 24,
        "typeReward": 0
    },
    {
        "id": 50,
        "name": "Кореш",
        "description": "Сема Кореш",
        "rarity": 4,
        "typeId": 11,
        "awardId": 134,
        "count": 5500023,
        "typeReward": 1,
        "renderId": "img_5500023.png"
    },
    {
        "id": 51,
        "name": "МЕТАЛЛОЛОМ",
        "description": "МЕТАЛЛОЛОМ",
        "rarity": 1,
        "typeId": 11,
        "awardId": 797,
        "count": 1,
        "typeReward": 0,
        "renderId": "img_5270.png",
        "imagePath": "components/"
    },
    {
        "id": 52,
        "name": "10000 Р",
        "description": "10000 Р",
        "rarity": 1,
        "typeId": 2,
        "awardId": 0,
        "count": 10000,
        "typeReward": 0
    },
    {
        "id": 53,
        "name": "10 EXP",
        "description": "10 EXP",
        "rarity": 1,
        "typeId": 1,
        "awardId": 0,
        "count": 10,
        "typeReward": 0
    },
    {
        "id": 54,
        "name": "X10 ПЫЛЬ",
        "description": "X10 ПЫЛЬ",
        "rarity": 1,
        "typeId": 21,
        "awardId": 0,
        "count": 10,
        "typeReward": 0
    },
    {
        "id": 55,
        "name": "ЕЖЕДНЕВНЫЙ X1",
        "description": "ЕЖЕДНЕВНЫЙ КЕЙС X1",
        "rarity": 2,
        "typeId": 4,
        "awardId": 1,
        "count": 1,
        "typeReward": 0
    },
    {
        "id": 56,
        "name": "GOLD 2Ч.",
        "description": "VIP GOLD НА 2Ч.",
        "rarity": 1,
        "typeId": 9,
        "awardId": 2,
        "count": 2,
        "typeReward": 0
    },
    {
        "id": 57,
        "name": "10000 Р",
        "description": "10000 Р",
        "rarity": 1,
        "typeId": 2,
        "awardId": 0,
        "count": 10000,
        "typeReward": 0
    },
    {
        "id": 58,
        "name": "10 BC",
        "description": "10 BC",
        "rarity": 2,
        "typeId": 3,
        "awardId": 0,
        "count": 10,
        "typeReward": 0
    },
    {
        "id": 59,
        "name": "X2 НА 24Ч.",
        "description": "X2 КУПОН НА 24Ч.",
        "rarity": 1,
        "typeId": 8,
        "awardId": 0,
        "count": 24,
        "typeReward": 0
    },
    {
        "id": 60,
        "name": "VAZ 2106",
        "nameStore": "Шестерка HNC",
        "description": "VAZ 2106 (Hoonicorn style)",
        "descriptionStore": "Шестерка HNC",
        "rarity": 5,
        "typeId": 5,
        "awardId": 28677,
        "count": 0,
        "subcount": 105,
        "typeReward": 1,
        "renderId": "img_28677.png"
    },
    {
        "id": 61,
        "name": "5000 Р",
        "description": "5000 Р",
        "rarity": 1,
        "typeId": 2,
        "awardId": 0,
        "count": 5000,
        "typeReward": 0
    }
  ],
    "Tasks": [
      {
        "id": 99,
        "typeId": 3,
        "typeName": "Еженедельное",
        "description": "Пожертвуйте 15000 рублей или более в Банке",
        "requirementDescription": "Прогресс:",
        "count": 15000,
        "award": 800,
        "routeId": 144,
        "level": 1,
        "typeBtn": 1
      },
      {
        "id": 143,
        "typeId": 3,
        "typeName": "Еженедельное",
        "description": "Поздоровайтесь с 2 игроками.",
        "requirementDescription": "Прогресс:",
        "count": 2,
        "award": 800,
        "level": 1,
        "typeBtn": 1
      },
      {
        "id": 148,
        "typeId": 3,
        "typeName": "Еженедельное",
        "description": "Подарите букет цветов любому персонажу противоположного пола",
        "requirementDescription": "Прогресс:",
        "count": 1,
        "award": 800,
        "level": 1,
        "typeBtn": 1
      },
      {
        "id": 255,
        "typeId": 3,
        "typeName": "Еженедельное",
        "description": "Откройте 5 любых кейсов",
        "requirementDescription": "Прогресс:",
        "count": 5,
        "award": 800,
        "level": 1,
        "typeBtn": 4
      },
      {
        "id": 256,
        "typeId": 3,
        "typeName": "Еженедельное",
        "description": "Сыграйте 8 любых игр в Казино",
        "requirementDescription": "Прогресс:",
        "count": 8,
        "award": 800,
        "routeId": 49,
        "level": 1,
        "typeBtn": 6
      },
      {
        "id": 257,
        "typeId": 3,
        "typeName": "Еженедельное",
        "description": "Заработайте 100 000 рублей ",
        "requirementDescription": "Прогресс:",
        "count": 100000,
        "award": 800,
        "level": 1,
        "typeBtn": 6
      },
      {
        "id": 254,
        "typeId": 4,
        "typeName": "Ежедневное",
        "description": "Войдите в игру",
        "requirementDescription": "Прогресс:",
        "count": 1,
        "award": 200,
        "level": 1,
        "typeBtn": 1
      },
      {
        "id": 258,
        "typeId": 5,
        "typeName": "Ежедневное",
        "description": "Посетите Правительство",
        "requirementDescription": "Прогресс:",
        "count": 1,
        "award": 200,
        "routeId": 1,
        "level": 1,
        "typeBtn": 1
      },
      {
        "id": 1,
        "typeId": 5,
        "typeName": "Ежедневное",
        "description": "Посетите Больницу",
        "requirementDescription": "Прогресс:",
        "count": 1,
        "award": 200,
        "routeId": 142,
        "level": 1,
        "typeBtn": 1
      },
      {
        "id": 2,
        "typeId": 5,
        "typeName": "Ежедневное",
        "description": "Посетите Банк",
        "requirementDescription": "Прогресс:",
        "count": 1,
        "award": 200,
        "routeId": 144,
        "level": 1,
        "typeBtn": 1
      },
      {
        "id": 3,
        "typeId": 5,
        "typeName": "Ежедневное",
        "description": "Посетите Закусочную",
        "requirementDescription": "Прогресс:",
        "count": 1,
        "award": 200,
        "routeId": 130,
        "level": 1,
        "typeBtn": 1
      },
      {
        "id": 4,
        "typeId": 5,
        "typeName": "Ежедневное",
        "description": "Посетите Казино",
        "requirementDescription": "Прогресс:",
        "count": 1,
        "award": 200,
        "routeId": 49,
        "level": 1,
        "typeBtn": 1
      },
      {
        "id": 159,
        "typeId": 5,
        "typeName": "Ежедневное",
        "description": "Посетите Магазин 24/7",
        "requirementDescription": "Прогресс:",
        "count": 1,
        "award": 200,
        "routeId": 129,
        "level": 1,
        "typeBtn": 1
      },
      {
        "id": 168,
        "typeId": 5,
        "typeName": "Ежедневное",
        "description": "Посетите офис Транспортной компании",
        "requirementDescription": "Прогресс:",
        "count": 1,
        "award": 200,
        "routeId": 145,
        "level": 1,
        "typeBtn": 1
      },
      {
        "id": 155,
        "typeId": 6,
        "typeName": "Ежедневное",
        "description": "Посетите Арзамас",
        "requirementDescription": "Прогресс:",
        "count": 1,
        "award": 200,
        "routeId": 73,
        "level": 1,
        "typeBtn": 1
      },
      {
        "id": 156,
        "typeId": 6,
        "typeName": "Ежедневное",
        "description": "Посетите Рублевку",
        "requirementDescription": "Прогресс:",
        "count": 1,
        "award": 200,
        "routeId": 74,
        "level": 1,
        "typeBtn": 1
      },
      {
        "id": 157,
        "typeId": 6,
        "typeName": "Ежедневное",
        "description": "Посетите Лыткарино",
        "requirementDescription": "Прогресс:",
        "count": 1,
        "award": 200,
        "routeId": 77,
        "level": 1,
        "typeBtn": 1
      },
      {
        "id": 158,
        "typeId": 6,
        "typeName": "Ежедневное",
        "description": "Посетите Южный",
        "requirementDescription": "Прогресс:",
        "count": 1,
        "award": 200,
        "routeId": 72,
        "level": 1,
        "typeBtn": 1
      },
      {
        "id": 100,
        "typeId": 7,
        "typeName": "Ежедневное",
        "description": "Посетите Автосалон Низкого класса",
        "requirementDescription": "Прогресс:",
        "count": 1,
        "award": 200,
        "routeId": 61,
        "level": 1,
        "typeBtn": 1
      },
      {
        "id": 101,
        "typeId": 7,
        "typeName": "Ежедневное",
        "description": "Посетите Автосалон Среднего класса",
        "requirementDescription": "Прогресс:",
        "count": 1,
        "award": 200,
        "routeId": 62,
        "level": 1,
        "typeBtn": 1
      },
      {
        "id": 102,
        "typeId": 7,
        "typeName": "Ежедневное",
        "description": "Посетите Автосалон Высокого класса",
        "requirementDescription": "Прогресс:",
        "count": 1,
        "award": 200,
        "routeId": 63,
        "level": 1,
        "typeBtn": 1
      },
      {
        "id": 103,
        "typeId": 7,
        "typeName": "Ежедневное",
        "description": "Посетите Мотосалон",
        "requirementDescription": "Прогресс:",
        "count": 1,
        "award": 200,
        "routeId": 65,
        "level": 1,
        "typeBtn": 1
      },
      {
        "id": 105,
        "typeId": 7,
        "typeName": "Ежедневное",
        "description": "Посетите любой авторынок",
        "requirementDescription": "Прогресс:",
        "count": 1,
        "award": 200,
        "routeId": 66,
        "level": 1,
        "typeBtn": 1
      },
      {
        "id": 8,
        "typeId": 8,
        "typeName": "Ежедневное",
        "description": "Купите букет цветов",
        "requirementDescription": "Прогресс:",
        "count": 1,
        "award": 200,
        "routeId": 129,
        "level": 1,
        "typeBtn": 1
      },
      {
        "id": 9,
        "typeId": 8,
        "typeName": "Ежедневное",
        "description": "Купите 1 ремонтный набор",
        "requirementDescription": "Прогресс:",
        "count": 1,
        "award": 200,
        "routeId": 129,
        "level": 1,
        "typeBtn": 1
      },
      {
        "id": 13,
        "typeId": 8,
        "typeName": "Ежедневное",
        "description": "Купите маску",
        "requirementDescription": "Прогресс:",
        "count": 1,
        "award": 200,
        "routeId": 129,
        "level": 1,
        "typeBtn": 1
      },
      {
        "id": 121,
        "typeId": 8,
        "typeName": "Ежедневное",
        "description": "Купите 1 любой товар в Ларьке",
        "requirementDescription": "Прогресс:",
        "count": 1,
        "award": 200,
        "routeId": 134,
        "level": 1,
        "typeBtn": 1
      },
      {
        "id": 149,
        "typeId": 8,
        "typeName": "Ежедневное",
        "description": "Купите аптечку в Магазине 24/7",
        "requirementDescription": "Прогресс:",
        "count": 1,
        "award": 200,
        "routeId": 129,
        "level": 1,
        "typeBtn": 1
      },
      {
        "id": 249,
        "typeId": 8,
        "typeName": "Ежедневное",
        "description": "Купите 1 любой товар в киоске рядом с Вокзалом",
        "requirementDescription": "Прогресс:",
        "count": 1,
        "award": 200,
        "routeId": 134,
        "level": 1,
        "typeBtn": 1
      },
      {
        "id": 141,
        "typeId": 9,
        "typeName": "Ежедневное",
        "description": "Начните рабочий день в МЧС",
        "requirementDescription": "Прогресс:",
        "count": 1,
        "award": 200,
        "routeId": 19,
        "level": 6,
        "conditions": 1,
        "typeBtn": 1
      },
      {
        "id": 169,
        "typeId": 9,
        "typeName": "Ежедневное",
        "description": "Начните рабочий день на работе Сборщик на заводе",
        "requirementDescription": "Прогресс:",
        "count": 1,
        "award": 200,
        "routeId": 10,
        "level": 1,
        "typeBtn": 1
      },
      {
        "id": 171,
        "typeId": 9,
        "typeName": "Ежедневное",
        "description": "Начните рабочий день на работе Водитель автобуса",
        "requirementDescription": "Прогресс:",
        "count": 1,
        "award": 200,
        "routeId": 1,
        "level": 2,
        "conditions": 3,
        "typeBtn": 1
      },
      {
        "id": 250,
        "typeId": 9,
        "typeName": "Ежедневное",
        "description": "Начните рабочий день на работе Шахта",
        "requirementDescription": "Прогресс:",
        "count": 1,
        "award": 200,
        "routeId": 9,
        "level": 1,
        "typeBtn": 1
      },
      {
        "id": 251,
        "typeId": 9,
        "typeName": "Ежедневное",
        "description": "Начните рабочий день на любой из 4 работ на Ферме",
        "requirementDescription": "Прогресс:",
        "count": 1,
        "award": 200,
        "routeId": 98,
        "level": 1,
        "typeBtn": 1
      },
      {
        "id": 252,
        "typeId": 9,
        "typeName": "Ежедневное",
        "description": "Начните рабочий день на работе Курьер",
        "requirementDescription": "Прогресс:",
        "count": 1,
        "award": 200,
        "routeId": 13,
        "level": 2,
        "typeBtn": 1
      },
      {
        "id": 7,
        "typeId": 10,
        "typeName": "Ежедневное",
        "description": "Проедьте 20 км на транспорте, будучи за рулем",
        "requirementDescription": "Прогресс:",
        "count": 20,
        "award": 200,
        "level": 2,
        "typeBtn": 6
      },
      {
        "id": 150,
        "typeId": 10,
        "typeName": "Ежедневное",
        "description": "Разгонитесь до 150 км/ч на любом транспорте, будучи за рулем",
        "requirementDescription": "Прогресс:",
        "count": 1,
        "award": 200,
        "level": 1,
        "typeBtn": 6
      },
      {
        "id": 151,
        "typeId": 10,
        "typeName": "Ежедневное",
        "description": "Разгонитесь до 100 км/ч на любом мотоцикле",
        "requirementDescription": "Прогресс:",
        "count": 1,
        "award": 200,
        "level": 1,
        "typeBtn": 6
      },
      {
        "id": 5,
        "typeId": 11,
        "typeName": "Ежедневное",
        "description": "Заправьте свой транспорт на АЗС",
        "requirementDescription": "Прогресс:",
        "count": 1,
        "award": 200,
        "routeId": 127,
        "level": 1,
        "conditions": 7,
        "typeBtn": 6
      },
      {
        "id": 6,
        "typeId": 3,
        "typeName": "Еженедельное",
        "description": "Сделайте тюнинг своего автомобиля в СТО",
        "requirementDescription": "Прогресс:",
        "count": 1,
        "award": 800,
        "routeId": 69,
        "level": 1,
        "typeBtn": 1
      },
      {
        "id": 97,
        "typeId": 11,
        "typeName": "Ежедневное",
        "description": "Прокрутите случайные номера авто в ГИБДД",
        "requirementDescription": "Прогресс:",
        "count": 1,
        "award": 200,
        "routeId": 157,
        "level": 1,
        "typeBtn": 6
      },
      {
        "id": 106,
        "typeId": 11,
        "typeName": "Ежедневное",
        "description": "Купите канистру с бензином в любой АЗС",
        "requirementDescription": "Прогресс:",
        "count": 1,
        "award": 200,
        "routeId": 127,
        "level": 1,
        "typeBtn": 6
      },
      {
        "id": 47,
        "typeId": 12,
        "typeName": "Ежедневное",
        "description": "Подстрелите 1 животное на работе Охотник",
        "requirementDescription": "Прогресс:",
        "count": 1,
        "award": 200,
        "routeId": 16,
        "level": 2,
        "conditions": 8,
        "typeBtn": 6
      },
      {
        "id": 52,
        "typeId": 12,
        "typeName": "Ежедневное",
        "description": "Отыграйте 1 час",
        "requirementDescription": "Прогресс:",
        "count": 1,
        "award": 200,
        "level": 1,
        "typeBtn": 6
      },
      {
        "id": 56,
        "typeId": 12,
        "typeName": "Ежедневное",
        "description": "Заработайте 3000 рублей на работе Сборщик на ферме",
        "requirementDescription": "Прогресс:",
        "count": 3000,
        "award": 200,
        "routeId": 98,
        "level": 1,
        "typeBtn": 6
      },
      {
        "id": 57,
        "typeId": 12,
        "typeName": "Ежедневное",
        "description": "Заработайте 3000 рублей на работе Дояр на ферме",
        "requirementDescription": "Прогресс:",
        "count": 3000,
        "award": 200,
        "routeId": 98,
        "level": 2,
        "typeBtn": 6
      },
      {
        "id": 58,
        "typeId": 12,
        "typeName": "Ежедневное",
        "description": "Заработайте 3000 рублей на работе Водитель комбайна на ферме",
        "requirementDescription": "Прогресс:",
        "count": 3000,
        "award": 200,
        "routeId": 98,
        "level": 2,
        "typeBtn": 6
      },
      {
        "id": 59,
        "typeId": 12,
        "typeName": "Ежедневное",
        "description": "Заработайте 10000 рублей на работе Пчеловод на ферме",
        "requirementDescription": "Прогресс:",
        "count": 10000,
        "award": 200,
        "routeId": 98,
        "level": 2,
        "typeBtn": 6
      },
      {
        "id": 60,
        "typeId": 12,
        "typeName": "Ежедневное",
        "description": "Заработайте 3000 рублей на работе Шахтер",
        "requirementDescription": "Прогресс:",
        "count": 3000,
        "award": 200,
        "routeId": 9,
        "level": 1,
        "typeBtn": 6
      },
      {
        "id": 61,
        "typeId": 12,
        "typeName": "Ежедневное",
        "description": "Заработайте 3000 рублей на работе Сборщик на заводе",
        "requirementDescription": "Прогресс:",
        "count": 3000,
        "award": 200,
        "routeId": 10,
        "level": 1,
        "typeBtn": 6
      },
      {
        "id": 96,
        "typeId": 13,
        "typeName": "Ежедневное",
        "description": "Подайте объявление в СМИ (/ad)",
        "requirementDescription": "Прогресс:",
        "count": 1,
        "award": 200,
        "routeId": 32,
        "level": 2,
        "typeBtn": 6
      },
      {
        "id": 104,
        "typeId": 13,
        "typeName": "Ежедневное",
        "description": "Возьмите машину на тест драйв в любом автосалоне",
        "requirementDescription": "Прогресс:",
        "count": 1,
        "award": 200,
        "routeId": 147,
        "level": 2,
        "typeBtn": 6
      },
      {
        "id": 108,
        "typeId": 13,
        "typeName": "Ежедневное",
        "description": "Арендуйте скутер",
        "requirementDescription": "Прогресс:",
        "count": 1,
        "award": 200,
        "routeId": 126,
        "level": 1,
        "typeBtn": 6
      },
      {
        "id": 124,
        "typeId": 13,
        "typeName": "Ежедневное",
        "description": "Наденьте любой аксессуар",
        "requirementDescription": "Прогресс:",
        "count": 1,
        "award": 200,
        "level": 1,
        "typeBtn": 6
      },
      {
        "id": 147,
        "typeId": 13,
        "typeName": "Ежедневное",
        "description": "Используйте аптечку",
        "requirementDescription": "Прогресс:",
        "count": 1,
        "award": 200,
        "level": 1,
        "typeBtn": 6
      }
    ]
  }