﻿{
    "bonus_days": [
    {
        "id": 5,
        "rarity": 2,
        "name": "БОМЖА",
        "description": "КЕЙС БОМЖА",
        "typeId": 4,
        "internalId": 2,
        "count": 1,
        "typeReward": 0
    },
    {
        "id": 10,
        "rarity": 2,
        "name": "БОМЖА",
        "description": "КЕЙС БОМЖА",
        "typeId": 4,
        "internalId": 2,
        "count": 1,
        "typeReward": 0
    },
    {
        "id": 15,
        "rarity": 2,
        "name": "БОМЖА",
        "description": "КЕЙС БОМЖА",
        "typeId": 4,
        "internalId": 2,
        "count": 1,
        "typeReward": 0
    },
    {
        "id": 20,
        "rarity": 3,
        "name": "БОМЖА Х2",
        "description": "КЕЙС БОМЖА Х2",
        "typeId": 4,
        "internalId": 2,
        "count": 2,
        "typeReward": 0
    },
    {
        "id": 25,
        "rarity": 4,
        "name": "СТАНДАРТНЫЙ",
        "description": "СТАНДАРТНЫЙ КЕЙС",
        "typeId": 4,
        "internalId": 3,
        "count": 1,
        "typeReward": 0
    }
  ],
  "main_days": [
    {
        "id": 1,
        "rarity": 2,
        "name": "VIP GOLD",
        "description": "VIP GOLD НА 4Ч.",
        "typeId": 9,
        "internalId": 2,
        "count": 4,
        "typeReward": 0
    },
    {
        "id": 2,
        "rarity": 2,
        "name": "10 BC",
        "description": "10 BC",
        "typeId": 3,
        "internalId": 0,
        "count": 10,
        "typeReward": 0
    },
    {
        "id": 3,
        "rarity": 2,
        "name": "1000 BP EXP",
        "description": "1000 BLACK PASS EXP",
        "typeId": 10,
        "internalId": 0,
        "count": 1000,
        "typeReward": 0
    },
    {
        "id": 4,
        "rarity": 1,
        "name": "AUDI 12Ч.",
        "description": "AUDI A4 НА 12Ч.",
        "nameStore": "AURA 12Ч.",
        "descriptionStore": "AURA 4 НА 12Ч.",
        "typeId": 5,
        "internalId": 507,
        "count": 12,
        "typeReward": 0,
        "imageName": "img_aura.png"
    },
    {
        "id": 5,
        "rarity": 2,
        "name": "X2 НА 24ч",
        "description": "X2 КУПОН НА 24 ч.",
        "typeId": 8,
        "internalId": 0,
        "count": 24,
        "typeReward": 0
    },
    {
        "id": 6,
        "rarity": 1,
        "name": "10000 ₽",
        "description": "10000 ₽",
        "typeId": 2,
        "internalId": 0,
        "count": 10000,
        "typeReward": 0
    },
    {
        "id": 7,
        "rarity": 4,
        "name": "УЛИЧНЫЙ",
        "description": "ЛИХАЧ",
        "typeId": 11,
        "internalId": 134,
        "count": 5500029,
        "typeReward": 1,
        "imageName": "img_5500029.png"
    },
    {
        "id": 8,
        "rarity": 1,
        "name": "SILVER VIP",
        "description": "VIP SILVER НА 4Ч.",
        "typeId": 9,
        "internalId": 1,
        "count": 4,
        "typeReward": 0
    },
    {
        "id": 9,
        "rarity": 2,
        "name": "10 BC",
        "description": "10 BC",
        "typeId": 3,
        "internalId": 0,
        "count": 10,
        "typeReward": 0
    },
    {
        "id": 10,
        "rarity": 2,
        "name": "1000 BP EXP",
        "description": "1000 BLACK PASS EXP",
        "typeId": 10,
        "internalId": 0,
        "count": 1000,
        "typeReward": 0
    },
    {
        "id": 11,
        "rarity": 1,
        "name": "CAMRY 12Ч.",
        "description": "TOYOTA CAMRY 2019 НА 12ч.",
        "nameStore": "CAMRITA 12Ч.",
        "descriptionStore": "CAMRITA 2019 НА 12 ч.",
        "typeId": 5,
        "internalId": 550,
        "count": 12,
        "typeReward": 0,
        "imageName": "img_camrita.png"
    },
    {
        "id": 12,
        "rarity": 2,
        "name": "5 EXP",
        "description": "5 EXP",
        "typeId": 1,
        "internalId": 0,
        "count": 5,
        "typeReward": 0
    },
    {
        "id": 13,
        "rarity": 1,
        "name": "10000 ₽",
        "description": "10000 ₽",
        "typeId": 2,
        "internalId": 0,
        "count": 10000,
        "typeReward": 0
    },
    {
        "id": 14,
        "rarity": 4,
        "name": "ОЧКИ",
        "description": "ОЧКИ СЛАЙДЛИНЗЫ",
        "typeId": 11,
        "internalId": 1004,
        "count": 1,
        "typeReward": 1,
        "imageName": "img_32139.png"
    },
    {
        "id": 15,
        "rarity": 1,
        "name": "VIP SILVER",
        "description": "VIP SILVER НА 4Ч.",
        "typeId": 9,
        "internalId": 1,
        "count": 4,
        "typeReward": 0
    },
    {
        "id": 16,
        "rarity": 2,
        "name": "15 BC",
        "description": "15 BC",
        "typeId": 3,
        "internalId": 0,
        "count": 15,
        "typeReward": 0
    },
    {
        "id": 17,
        "rarity": 2,
        "name": "1500 BP EXP",
        "description": "1500 BLACK PASS EXP",
        "typeId": 10,
        "internalId": 0,
        "count": 1500,
        "typeReward": 0
    },
    {
        "id": 18,
        "rarity": 1,
        "name": "KIA 12ч.",
        "description": "KIA K5 GT LINE НА 12ч.",
        "nameStore": "ELEGANT 12ч.",
        "descriptionStore": "ELEGANT 5 НА 12ч.",
        "typeId": 5,
        "internalId": 2584,
        "count": 12,
        "typeReward": 0,
        "imageName": "img_elegant.png"
    },
    {
        "id": 19,
        "rarity": 2,
        "name": "7 EXP",
        "description": "7 EXP",
        "typeId": 1,
        "internalId": 0,
        "count": 7,
        "typeReward": 0
    },
    {
        "id": 20,
        "rarity": 1,
        "name": "15000 ₽",
        "description": "15000 ₽",
        "typeId": 2,
        "internalId": 0,
        "count": 15000,
        "typeReward": 0
    },
    {
        "id": 21,
        "rarity": 5,
        "name": "Toyota Chaser Tourer v 100",
        "description": "Toyota Chaser Tourer v 100",
        "nameStore": "Chase V100",
        "descriptionStore": "Chase V100",
        "typeId": 5,
        "internalId": 759,
        "count": 0,
        "subCount": 112,
        "typeReward": 1,
        "imageName": "img_759.png"
    }
  ],
  "returnMain_Days": [
      {
          "id": 1,
          "rarity": 2,
          "name": "ПРАВА В",
          "description": "ПРАВА КАТЕГОРИИ В НА 7 ДНЕЙ",
          "typeId": 25,
          "internalId": 1,
          "count": 168,
          "typeReward": 0
      },
      {
          "id": 2,
          "rarity": 2,
          "name": "10 000 ₽",
          "description": "10 000 ₽",
          "typeId": 2,
          "internalId": 0,
          "count": 10000,
          "typeReward": 0
      },
      {
          "id": 3,
          "rarity": 2,
          "name": "2000 BP EXP",
          "description": "2000 BLACK PASS EXP",
          "typeId": 10,
          "internalId": 0,
          "count": 2000,
          "typeReward": 0
      },
      {
          "id": 4,
          "rarity": 2,
          "name": "25 BC",
          "description": "25 BC",
          "typeId": 3,
          "internalId": 0,
          "count": 25,
          "typeReward": 0
      },
      {
          "id": 5,
          "rarity": 2,
          "name": "20 000 ₽",
          "description": "20 000 ₽",
          "typeId": 2,
          "internalId": 0,
          "count": 20000,
          "typeReward": 0
      },
      {
          "id": 6,
          "rarity": 2,
          "name": "ЕЖЕДНЕВНЫЙ X2",
          "description": "ЕЖЕДНЕВНЫЙ КЕЙС X2",
          "typeId": 4,
          "internalId": 1,
          "count": 2,
          "typeReward": 0
      },
      {
          "id": 7,
          "rarity": 4,
          "name": "КОМПЛЕКТ",
          "description": "КОМПЛЕКТ ВОЗВРАЩЕНИЯ",
          "packRewards": [
              {
                  "id": 1,
                  "name": "ПРАВА В на 7Д",
                  "typeId": 25,
                  "internalId": 1,
                  "count": 168
              },
              {
                  "id": 2,
                  "name": "100 000 ₽",
                  "typeId": 2,
                  "internalId": 0,
                  "count": 100000
              },
              {
                  "id": 3,
                  "name": "СТАНДАРТНЫЙ Х1",
                  "typeId": 4,
                  "internalId": 3,
                  "count": 1
              },
              {
                  "id": 4,
                  "name": "25 BC",
                  "typeId": 3,
                  "internalId": 0,
                  "count": 25
              }
          ],
          "typeId": -1,
          "typeReward": 1,
          "imageName": "img_return_pack.png"
      }
  ],
  "returnBonus_Days": [
      {
          "id": 2,
          "rarity": 2,
          "name": "ЕЖЕДНЕВНЫЙ",
          "description": "ЕЖЕДНЕВНЫЙ",
          "typeId": 4,
          "internalId": 1,
          "count": 1,
          "typeReward": 0
      },
      {
          "id": 4,
          "rarity": 2,
          "name": "БОМЖА",
          "description": "КЕЙС БОМЖА",
          "typeId": 4,
          "internalId": 2,
          "count": 1,
          "typeReward": 0
      },
      {
          "id": 7,
          "rarity": 2,
          "name": "БОМЖА X2",
          "description": "КЕЙС БОМЖА",
          "typeId": 4,
          "internalId": 2,
          "count": 2,
          "typeReward": 0
      }
  ],
  "properties": {
      "season_color": "#E2310C",
      "season_name": "ЖАЖДА СКОРОСТИ 3",
      "days_color_one": "#FFFFFF",
      "days_color_two": "#E2310C",
      "season_days": 49,
      "return_name": "С ВОЗВРАЩЕНИЕМ!",
      "return_days": 21,
      "return_subtitle": "ПРАВА B + 100 000 ₽ + СТАНДАРТНЫЙ КЕЙС + 25 ВС",
      "bg_return_calendar": "bg_return_calendar.png",
      "ic_return_calendar": "ic_return_calendar.svg",
      "bg_season_calendar": "bg_season_calendar.png",
      "ic_season_calendar": "ic_season_calendar.svg"
  }
  }