﻿{
    "Properties": [
      {
        "eventId": 5,
        "miniGamesId": [
          0,
          1
        ],
        "dates": [
          1753063200,
          1756346400
        ],
          "color": "#F25D00",
          "color2": "#E44F00",
          "name": "ЖАЖДА СКОРОСТИ 3",
          "bgImage": "bg_event.png",
          "icImage": "ic_event.png",
          "icMenuImage": "ic_menu_event.png",
          "bpOfferImage": "img_bpofferimage.png",
          "bpMultiplier": 1,
          "bpLimit": 1000,
          "lastChanceImage": "img_lvlofferimage.png",
          "offerImage": "img_offerimage.png",
          "offerCost": 239,
          "offerValue": 1000,
          "eventCurrencyId": 23,
          "eventCurrencyOfferName": "Поршней",
          "entryStartPos": [-26485.8, 2770.1, 54.33],
          "entryStartLookAt": [-2657.0, 2857.75, 20.4]
      }
    ],
    "Settings": [
      {
        "id": 1,
        "name": "ДВИГАТЕЛЬ",
        "icImage": "ic_event.svg",
        "objectGrades": [
          0,
          25,
          50
        ],
        "objectImages": [
          "img_event_grade_1.png",
          "img_event_grade_2.png",
          "img_event_grade_3.png"
        ]
      },
      {
        "id": 2,
        "name": "ЗАДАНИЯ",
        "icImage": "ic_checklist.svg",
        "objectImages": [
          "img_daily_tasks.png",
          "img_unique_tasks.png"
        ]
      },
      {
        "id": 3,
        "name": "РЕЙТИНГ",
        "icImage": "ic_reward.svg",
        "objectImages": [
          "bg_rating_event.png"
        ]
      },
      {
        "id": 4,
        "name": "МИНИ ИГРЫ",
        "icImage": "ic_game.svg",
        "objectImages": [
          "img_minigame_0.png",
          "img_minigame_1.png"
        ]
      }
    ],
    "EventLevel": [
    {
        "id": 1,
        "cost": 1000,
        "name": "5 BC",
        "description": "5 BC",
        "rarity": 1,
        "typeId": 3,
        "internalId": 0,
        "count": 5
    },
    {
        "id": 2,
        "cost": 1150,
        "name": "5 EXP",
        "description": "5 EXP",
        "rarity": 2,
        "typeId": 1,
        "internalId": 0,
        "count": 5
    },
    {
        "id": 3,
        "cost": 1300,
        "name": "1000 BP EXP",
        "description": "1000 BP EXP",
        "rarity": 1,
        "typeId": 10,
        "internalId": 0,
        "count": 1000
    },
    {
        "id": 4,
        "cost": 1450,
        "name": "X10 ПЫЛЬ",
        "description": "X10 ПЫЛЬ",
        "rarity": 1,
        "typeId": 21,
        "internalId": 0,
        "count": 10
    },
    {
        "id": 5,
        "cost": 1600,
        "name": "БОМЖА X1",
        "description": "КЕЙС БОМЖА X1",
        "rarity": 4,
        "typeId": 4,
        "internalId": 2,
        "count": 1,
        "typeReward": 1
    },
    {
        "id": 6,
        "cost": 1750,
        "name": "SILVER 4 Ч.",
        "description": "VIP SILVER 4 Ч.",
        "rarity": 2,
        "typeId": 9,
        "internalId": 1,
        "count": 4
    },
    {
        "id": 7,
        "cost": 1900,
        "name": "10 000 Р",
        "description": "10 000 Р",
        "rarity": 2,
        "typeId": 2,
        "internalId": 0,
        "count": 10000
    },
    {
        "id": 8,
        "cost": 2050,
        "name": "1000 BP EXP",
        "description": "1000 BP EXP",
        "rarity": 1,
        "typeId": 10,
        "internalId": 0,
        "count": 1000
    },
    {
        "id": 9,
        "cost": 2200,
        "name": "ЕЖЕДНЕВНЫЙ X1",
        "description": "ЕЖЕДНЕВНЫЙ КЕЙС X1",
        "rarity": 1,
        "typeId": 4,
        "internalId": 1,
        "count": 1
    },
    {
        "id": 10,
        "cost": 2350,
        "name": "Шлем Рейсера",
        "description": "Шлем Рейсера",
        "rarity": 4,
        "typeId": 11,
        "internalId": 998,
        "count": 1,
        "typeReward": 1,
        "imageName": "img_32135.png"
    },
    {
        "id": 11,
        "cost": 2500,
        "name": "5 BC",
        "description": "5 BC",
        "rarity": 2,
        "typeId": 3,
        "internalId": 0,
        "count": 5
    },
    {
        "id": 12,
        "cost": 2650,
        "name": "5 EXP",
        "description": "5 EXP",
        "rarity": 2,
        "typeId": 1,
        "internalId": 0,
        "count": 5
    },
    {
        "id": 13,
        "cost": 2800,
        "name": "1000 BP EXP",
        "description": "1000 BP EXP",
        "rarity": 1,
        "typeId": 10,
        "internalId": 0,
        "count": 1000
    },
    {
        "id": 14,
        "cost": 2950,
        "name": "X10 ПЫЛЬ",
        "description": "X10 ПЫЛЬ",
        "rarity": 1,
        "typeId": 21,
        "internalId": 0,
        "count": 10
    },
    {
        "id": 15,
        "cost": 3100,
        "name": "БОМЖА X1",
        "description": "КЕЙС БОМЖА X1",
        "rarity": 4,
        "typeId": 4,
        "internalId": 2,
        "count": 1,
        "typeReward": 1
    },
    {
        "id": 16,
        "cost": 3250,
        "name": "SILVER 4 Ч.",
        "description": "VIP SILVER 4 Ч.",
        "rarity": 2,
        "typeId": 9,
        "internalId": 1,
        "count": 4
    },
    {
        "id": 17,
        "cost": 3400,
        "name": "20 000 Р",
        "description": "20 000 Р",
        "rarity": 2,
        "typeId": 2,
        "internalId": 0,
        "count": 20000
    },
    {
        "id": 18,
        "cost": 3550,
        "name": "1000 BP EXP",
        "description": "1000 BP EXP",
        "rarity": 1,
        "typeId": 10,
        "internalId": 0,
        "count": 1000
    },
    {
        "id": 19,
        "cost": 3700,
        "name": "ЕЖЕДНЕВНЫЙ X1",
        "description": "ЕЖЕДНЕВНЫЙ КЕЙС X1",
        "rarity": 1,
        "typeId": 4,
        "internalId": 1,
        "count": 1
    },
    {
        "id": 20,
        "cost": 3850,
        "name": "Фуражка Агента",
        "description": "Фуражка Агента",
        "rarity": 4,
        "typeId": 11,
        "internalId": 922,
        "count": 1,
        "typeReward": 1,
        "imageName": "img_4861.png"
    },
    {
        "id": 21,
        "cost": 4000,
        "name": "10 BC",
        "description": "10 BC",
        "rarity": 2,
        "typeId": 3,
        "internalId": 0,
        "count": 10
    },
    {
        "id": 22,
        "cost": 4150,
        "name": "5 EXP",
        "description": "5 EXP",
        "rarity": 2,
        "typeId": 1,
        "internalId": 0,
        "count": 5
    },
    {
        "id": 23,
        "cost": 4300,
        "name": "1000 BP EXP",
        "description": "1000 BP EXP",
        "rarity": 1,
        "typeId": 10,
        "internalId": 0,
        "count": 1000
    },
    {
        "id": 24,
        "cost": 4450,
        "name": "X15 ПЫЛЬ",
        "description": "X15 ПЫЛЬ",
        "rarity": 1,
        "typeId": 21,
        "internalId": 0,
        "count": 15
    },
    {
        "id": 25,
        "cost": 4600,
        "name": "Стандартный",
        "description": "Стандартный Кейс",
        "rarity": 4,
        "typeId": 4,
        "internalId": 3,
        "count": 1,
        "typeReward": 1
    },
    {
        "id": 26,
        "cost": 4750,
        "name": "GOLD 2 Ч.",
        "description": "VIP GOLD 2 Ч.",
        "rarity": 2,
        "typeId": 9,
        "internalId": 2,
        "count": 2
    },
    {
        "id": 27,
        "cost": 4900,
        "name": "30 000 Р",
        "description": "30 000 Р",
        "rarity": 2,
        "typeId": 2,
        "internalId": 0,
        "count": 30000
    },
    {
        "id": 28,
        "cost": 5050,
        "name": "1000 BP EXP",
        "description": "1000 BP EXP",
        "rarity": 1,
        "typeId": 10,
        "internalId": 0,
        "count": 1000
    },
    {
        "id": 29,
        "cost": 5200,
        "name": "ЕЖЕДНЕВНЫЙ X1",
        "description": "ЕЖЕДНЕВНЫЙ КЕЙС X1",
        "rarity": 1,
        "typeId": 4,
        "internalId": 1,
        "count": 1
    },
    {
        "id": 30,
        "cost": 5350,
        "name": "Сестра Саня",
        "description": "Сестра Саня",
        "rarity": 4,
        "typeId": 11,
        "internalId": 134,
        "count": 5500024,
        "typeReward": 1,
        "imageName": "img_5500024.png"
    },
    {
        "id": 31,
        "cost": 5500,
        "name": "10 BC",
        "description": "10 BC",
        "rarity": 2,
        "typeId": 3,
        "internalId": 0,
        "count": 10
    },
    {
        "id": 32,
        "cost": 5650,
        "name": "5 EXP",
        "description": "5 EXP",
        "rarity": 2,
        "typeId": 1,
        "internalId": 0,
        "count": 5
    },
    {
        "id": 33,
        "cost": 5800,
        "name": "1000 BP EXP",
        "description": "1000 BP EXP",
        "rarity": 1,
        "typeId": 10,
        "internalId": 0,
        "count": 1000
    },
    {
        "id": 34,
        "cost": 5950,
        "name": "X15 ПЫЛЬ",
        "description": "X15 ПЫЛЬ",
        "rarity": 1,
        "typeId": 21,
        "internalId": 0,
        "count": 15
    },
    {
        "id": 35,
        "cost": 6100,
        "name": "Первый Маневр X1",
        "description": "Кейс: Первый Маневр X1",
        "rarity": 4,
        "typeId": 4,
        "internalId": 13,
        "count": 1,
        "typeReward": 1
    },
    {
        "id": 36,
        "cost": 6250,
        "name": "GOLD 4 Ч.",
        "description": "VIP GOLD 4 Ч.",
        "rarity": 2,
        "typeId": 9,
        "internalId": 2,
        "count": 4
    },
    {
        "id": 37,
        "cost": 6400,
        "name": "40 000 Р",
        "description": "40 000 Р",
        "rarity": 2,
        "typeId": 2,
        "internalId": 0,
        "count": 40000
    },
    {
        "id": 38,
        "cost": 6550,
        "name": "1000 BP EXP",
        "description": "1000 BP EXP",
        "rarity": 1,
        "typeId": 10,
        "internalId": 0,
        "count": 1000
    },
    {
        "id": 39,
        "cost": 6700,
        "name": "ЕЖЕДНЕВНЫЙ X1",
        "description": "ЕЖЕДНЕВНЫЙ КЕЙС X1",
        "rarity": 1,
        "typeId": 4,
        "internalId": 1,
        "count": 1
    },
    {
        "id": 40,
        "cost": 6850,
        "name": "Kalina Sport",
        "nameStore": "Linka Sport",
        "description": "Lada Kalina Sport",
        "descriptionStore": "Linka Sport",
        "rarity": 5,
        "typeId": 5,
        "internalId": 619,
        "count": 0,
        "typeReward": 1
    },
    {
        "id": 41,
        "cost": 7000,
        "name": "10 BC",
        "description": "10 BC",
        "rarity": 2,
        "typeId": 3,
        "internalId": 0,
        "count": 10
    },
    {
        "id": 42,
        "cost": 7150,
        "name": "5 EXP",
        "description": "5 EXP",
        "rarity": 2,
        "typeId": 1,
        "internalId": 0,
        "count": 5
    },
    {
        "id": 43,
        "cost": 7300,
        "name": "1000 BP EXP",
        "description": "1000 BP EXP",
        "rarity": 1,
        "typeId": 10,
        "internalId": 0,
        "count": 1000
    },
    {
        "id": 44,
        "cost": 7450,
        "name": "X20 ПЫЛЬ",
        "description": "X20 ПЫЛЬ",
        "rarity": 1,
        "typeId": 21,
        "internalId": 0,
        "count": 20
    },
    {
        "id": 45,
        "cost": 7600,
        "name": "Первый Маневр X1",
        "description": "Кейс: Первый Маневр X1",
        "rarity": 4,
        "typeId": 4,
        "internalId": 13,
        "count": 1,
        "typeReward": 1
    },
    {
        "id": 46,
        "cost": 7750,
        "name": "GOLD 6 Ч.",
        "description": "VIP GOLD 6 Ч.",
        "rarity": 2,
        "typeId": 9,
        "internalId": 2,
        "count": 6
    },
    {
        "id": 47,
        "cost": 7900,
        "name": "200 000 Р",
        "description": "200 000 Р",
        "rarity": 2,
        "typeId": 2,
        "internalId": 0,
        "count": 200000
    },
    {
        "id": 48,
        "cost": 8050,
        "name": "1000 BP EXP",
        "description": "1000 BP EXP",
        "rarity": 1,
        "typeId": 10,
        "internalId": 0,
        "count": 1000
    },
    {
        "id": 49,
        "cost": 8200,
        "name": "ЕЖЕДНЕВНЫЙ X1",
        "description": "ЕЖЕДНЕВНЫЙ КЕЙС X1",
        "rarity": 1,
        "typeId": 4,
        "internalId": 1,
        "count": 1
    },
    {
        "id": 50,
        "cost": 8350,
        "name": "Volvo 240 GL",
        "nameStore": "240 GL",
        "description": "Volvo 240 GL",
        "descriptionStore": "240 GL",
        "rarity": 5,
        "typeId": 5,
        "internalId": 28678,
        "count": 0,
        "subCount": 106,
        "typeReward": 1,
        "imageName": "img_28678.png"
    },
    {
        "id": 51,
        "cost": 8500,
        "name": "10 BC",
        "description": "10 BC",
        "rarity": 2,
        "typeId": 3,
        "internalId": 0,
        "count": 10
    },
    {
        "id": 52,
        "cost": 8650,
        "name": "5 EXP",
        "description": "5 EXP",
        "rarity": 2,
        "typeId": 1,
        "internalId": 0,
        "count": 5
    },
    {
        "id": 53,
        "cost": 8800,
        "name": "1000 BP EXP",
        "description": "1000 BP EXP",
        "rarity": 1,
        "typeId": 10,
        "internalId": 0,
        "count": 1000
    },
    {
        "id": 54,
        "cost": 8950,
        "name": "X20 ПЫЛЬ",
        "description": "X20 ПЫЛЬ",
        "rarity": 1,
        "typeId": 21,
        "internalId": 0,
        "count": 20
    },
    {
        "id": 55,
        "cost": 9100,
        "name": "Второй Маневр X2",
        "description": "Кейс: Второй Маневр X2",
        "rarity": 4,
        "typeId": 4,
        "internalId": 14,
        "count": 2,
        "typeReward": 1
    },
    {
        "id": 56,
        "cost": 9250,
        "name": "PLATINUM 4 Ч.",
        "description": "VIP PLATINUM 4 Ч.",
        "rarity": 2,
        "typeId": 9,
        "internalId": 3,
        "count": 4
    },
    {
        "id": 57,
        "cost": 9400,
        "name": "500 000 Р",
        "description": "500 000 Р",
        "rarity": 3,
        "typeId": 2,
        "internalId": 0,
        "count": 500000
    },
    {
        "id": 58,
        "cost": 9550,
        "name": "1000 BP EXP",
        "description": "1000 BP EXP",
        "rarity": 1,
        "typeId": 10,
        "internalId": 0,
        "count": 1000
    },
    {
        "id": 59,
        "cost": 9700,
        "name": "ЕЖЕДНЕВНЫЙ X1",
        "description": "ЕЖЕДНЕВНЫЙ КЕЙС X1",
        "rarity": 1,
        "typeId": 4,
        "internalId": 1,
        "count": 1
    },
    {
        "id": 60,
        "cost": 9850,
        "name": "Особый Кейс",
        "description": "Особый Кейс",
        "rarity": 5,
        "typeId": 4,
        "internalId": 5,
        "count": 1,
        "typeReward": 1
    },
    {
        "id": 61,
        "cost": 1000,
        "name": "30 000 Р",
        "description": "30 000 Р",
        "rarity": 2,
        "typeId": 2,
        "internalId": 0,
        "count": 30000
    }
],
    "LimitUpgrades": [
        {
            "id": 0,
            "multEventRes": 1,
            "limitEventRes": 1000
        },
        {
            "id": 1,
            "multEventRes": 1.1,
            "limitEventRes": 1050,
            "costSoft": 4900,
            "eventResGift": 200
        },
        {
            "id": 2,
            "multEventRes": 1.2,
            "limitEventRes": 1100,
            "costSoft": 9900,
            "eventResGift": 250
        },
        {
            "id": 3,
            "multEventRes": 1.3,
            "limitEventRes": 1150,
            "costSoft": 14900,
            "eventResGift": 350
        },
        {
            "id": 4,
            "multEventRes": 1.4,
            "limitEventRes": 1200,
            "costSoft": 19900,
            "eventResGift": 450
        },
        {
            "id": 5,
            "multEventRes": 1.5,
            "limitEventRes": 1300,
            "costSoft": 24900,
            "eventResGift": 550
        },
        {
            "id": 6,
            "multEventRes": 1.6,
            "limitEventRes": 1350,
            "costSoft": 29900,
            "eventResGift": 650
        },
        {
            "id": 7,
            "multEventRes": 1.7,
            "limitEventRes": 1400,
            "costSoft": 34900,
            "eventResGift": 750
        },
        {
            "id": 8,
            "multEventRes": 1.8,
            "limitEventRes": 1500,
            "costSoft": 39900,
            "eventResGift": 850
        },
        {
            "id": 9,
            "multEventRes": 1.9,
            "limitEventRes": 1550,
            "costSoft": 44900,
            "eventResGift": 950
        },
        {
            "id": 10,
            "multEventRes": 2,
            "limitEventRes": 1600,
            "costSoft": 49900,
            "eventResGift": 1050
        },
        {
            "id": 11,
            "multEventRes": 2.1,
            "limitEventRes": 1700,
            "costSoft": 54900,
            "eventResGift": 1200
        },
        {
            "id": 12,
            "multEventRes": 2.2,
            "limitEventRes": 1800,
            "costSoft": 59900,
            "eventResGift": 1300
        },
        {
            "id": 13,
            "multEventRes": 2.3,
            "limitEventRes": 1850,
            "costSoft": 64900,
            "eventResGift": 1400
        },
        {
            "id": 14,
            "multEventRes": 2.4,
            "limitEventRes": 1950,
            "costSoft": 69900,
            "eventResGift": 1550
        },
        {
            "id": 15,
            "multEventRes": 2.5,
            "limitEventRes": 2050,
            "costSoft": 74900,
            "eventResGift": 1650
        },
        {
            "id": 16,
            "multEventRes": 2.6,
            "limitEventRes": 2150,
            "costSoft": 79900,
            "eventResGift": 1800
        },
        {
            "id": 17,
            "multEventRes": 2.7,
            "limitEventRes": 2250,
            "costSoft": 84900,
            "eventResGift": 1900
        },
        {
            "id": 18,
            "multEventRes": 2.8,
            "limitEventRes": 2350,
            "costSoft": 89900,
            "eventResGift": 2050
        },
        {
            "id": 19,
            "multEventRes": 2.9,
            "limitEventRes": 2450,
            "costSoft": 94900,
            "eventResGift": 2200
        },
        {
            "id": 20,
            "multEventRes": 3,
            "limitEventRes": 2550,
            "costSoft": 99900,
            "eventResGift": 2350
        },
        {
            "id": 21,
            "multEventRes": 3.1,
            "limitEventRes": 2700,
            "costSoft": 104900,
            "eventResGift": 2500
        },
        {
            "id": 22,
            "multEventRes": 3.2,
            "limitEventRes": 2800,
            "costSoft": 109900,
            "eventResGift": 2650
        },
        {
            "id": 23,
            "multEventRes": 3.3,
            "limitEventRes": 2950,
            "costSoft": 114900,
            "eventResGift": 2800
        },
        {
            "id": 24,
            "multEventRes": 3.4,
            "limitEventRes": 3050,
            "costSoft": 119900,
            "eventResGift": 2950
        },
        {
            "id": 25,
            "multEventRes": 3.5,
            "limitEventRes": 3200,
            "costSoft": 124900,
            "eventResGift": 3100
        },
        {
            "id": 26,
            "multEventRes": 3.6,
            "limitEventRes": 3350,
            "costSoft": 129900,
            "eventResGift": 3300
        },
        {
            "id": 27,
            "multEventRes": 3.7,
            "limitEventRes": 3500,
            "costSoft": 134900,
            "eventResGift": 3450
        },
        {
            "id": 28,
            "multEventRes": 3.8,
            "limitEventRes": 3650,
            "costSoft": 139900,
            "eventResGift": 3650
        },
        {
            "id": 29,
            "multEventRes": 3.9,
            "limitEventRes": 3850,
            "costSoft": 144900,
            "eventResGift": 3800
        },
        {
            "id": 30,
            "multEventRes": 4.0,
            "limitEventRes": 4000,
            "costSoft": 149900,
            "eventResGift": 4000
        }
  ],
  "RatingRewards": [
    {
        "id": 1,
        "name": "Lenco BearCat G2",
        "nameStore": "BearCut G2",
        "rarity": 5,
        "typeId": 5,
        "internalId": 28679,
        "count": 0,
        "subCount": 107,
        "imageName": "img_28679.png"
    },
    {
        "id": 2,
        "name": "Lenco BearCat G2",
        "nameStore": "BearCut G2",
        "rarity": 5,
        "typeId": 5,
        "internalId": 28679,
        "count": 0,
        "subCount": 107,
        "imageName": "img_28679.png"
    },
    {
        "id": 3,
        "name": "Lenco BearCat G2",
        "nameStore": "BearCut G2",
        "rarity": 5,
        "typeId": 5,
        "internalId": 28679,
        "count": 0,
        "subCount": 107,
        "imageName": "img_28679.png"
    },
    {
        "id": 4,
        "name": "Lenco BearCat G2",
        "nameStore": "BearCut G2",
        "rarity": 5,
        "typeId": 5,
        "internalId": 28679,
        "count": 0,
        "subCount": 107,
        "imageName": "img_28679.png"
    },
    {
        "id": 5,
        "name": "Lenco BearCat G2",
        "nameStore": "BearCut G2",
        "rarity": 5,
        "typeId": 5,
        "internalId": 28679,
        "count": 0,
        "subCount": 107,
        "imageName": "img_28679.png"
    },
    {
        "id": 6,
        "name": "Lenco BearCat G2",
        "nameStore": "BearCut G2",
        "rarity": 5,
        "typeId": 5,
        "internalId": 28679,
        "count": 0,
        "subCount": 107,
        "imageName": "img_28679.png"
    },
    {
        "id": 7,
        "name": "Lenco BearCat G2",
        "nameStore": "BearCut G2",
        "rarity": 5,
        "typeId": 5,
        "internalId": 28679,
        "count": 0,
        "subCount": 107,
        "imageName": "img_28679.png"
    },
    {
        "id": 8,
        "name": "Lenco BearCat G2",
        "nameStore": "BearCut G2",
        "rarity": 5,
        "typeId": 5,
        "internalId": 28679,
        "count": 0,
        "subCount": 107,
        "imageName": "img_28679.png"
    },
    {
        "id": 9,
        "name": "Lenco BearCat G2",
        "nameStore": "BearCut G2",
        "rarity": 5,
        "typeId": 5,
        "internalId": 28679,
        "count": 0,
        "subCount": 107,
        "imageName": "img_28679.png"
    },
    {
        "id": 10,
        "name": "Lenco BearCat G2",
        "nameStore": "BearCut G2",
        "rarity": 5,
        "typeId": 5,
        "internalId": 28679,
        "count": 0,
        "subCount": 107,
        "imageName": "img_28679.png"
    },
    {
        "id": 11,
        "name": "Lenco BearCat G2",
        "nameStore": "BearCut G2",
        "rarity": 5,
        "typeId": 5,
        "internalId": 28679,
        "count": 0,
        "subCount": 107,
        "imageName": "img_28679.png"
    },
    {
        "id": 12,
        "name": "Lenco BearCat G2",
        "nameStore": "BearCut G2",
        "rarity": 5,
        "typeId": 5,
        "internalId": 28679,
        "count": 0,
        "subCount": 107,
        "imageName": "img_28679.png"
    },
    {
        "id": 13,
        "name": "Lenco BearCat G2",
        "nameStore": "BearCut G2",
        "rarity": 5,
        "typeId": 5,
        "internalId": 28679,
        "count": 0,
        "subCount": 107,
        "imageName": "img_28679.png"
    },
    {
        "id": 14,
        "name": "Lenco BearCat G2",
        "nameStore": "BearCut G2",
        "rarity": 5,
        "typeId": 5,
        "internalId": 28679,
        "count": 0,
        "subCount": 107,
        "imageName": "img_28679.png"
    },
    {
        "id": 15,
        "name": "Lenco BearCat G2",
        "nameStore": "BearCut G2",
        "rarity": 5,
        "typeId": 5,
        "internalId": 28679,
        "count": 0,
        "subCount": 107,
        "imageName": "img_28679.png"
    },
    {
        "id": 16,
        "name": "Lenco BearCat G2",
        "nameStore": "BearCut G2",
        "rarity": 5,
        "typeId": 5,
        "internalId": 28679,
        "count": 0,
        "subCount": 107,
        "imageName": "img_28679.png"
    },
    {
        "id": 17,
        "name": "Lenco BearCat G2",
        "nameStore": "BearCut G2",
        "rarity": 5,
        "typeId": 5,
        "internalId": 28679,
        "count": 0,
        "subCount": 107,
        "imageName": "img_28679.png"
    },
    {
        "id": 18,
        "name": "Lenco BearCat G2",
        "nameStore": "BearCut G2",
        "rarity": 5,
        "typeId": 5,
        "internalId": 28679,
        "count": 0,
        "subCount": 107,
        "imageName": "img_28679.png"
    },
    {
        "id": 19,
        "name": "Lenco BearCat G2",
        "nameStore": "BearCut G2",
        "rarity": 5,
        "typeId": 5,
        "internalId": 28679,
        "count": 0,
        "subCount": 107,
        "imageName": "img_28679.png"
    },
    {
        "id": 20,
        "name": "Lenco BearCat G2",
        "nameStore": "BearCut G2",
        "rarity": 5,
        "typeId": 5,
        "internalId": 28679,
        "count": 0,
        "subCount": 107,
        "imageName": "img_28679.png"
    }
],
    "Tasks": [
    {
        "id": 1,
        "typeId": 1,
        "typeName": "Особое",
        "description": "Прокачайте BlackPass до 10 уровня",
        "requirementDescription": "Прокачено:",
        "count": 10,
        "award": 5000,
        "typeBtn": 3
    },
    {
        "id": 2,
        "typeId": 1,
        "typeName": "Особое",
        "description": "Купите BlackPass",
        "requirementDescription": "Куплено:",
        "count": 1,
        "award": 10000,
        "typeBtn": 3
    },
    {
        "id": 3,
        "typeId": 1,
        "typeName": "Особое",
        "description": "Откройте 10 кейсов события",
        "requirementDescription": "Открыто:",
        "count": 10,
        "award": 10000,
        "typeBtn": 4
    },
    {
        "id": 4,
        "typeId": 1,
        "typeName": "Особое",
        "description": "Сыграйте в мини игры события 20 раз",
        "requirementDescription": "Сыграно:",
        "count": 20,
        "award": 5000,
        "typeBtn": 5
    },
    {
        "id": 5,
        "typeId": 1,
        "typeName": "Особое",
        "description": "Заработайте 50 000 Поршней",
        "requirementDescription": "Заработано:",
        "count": 50000,
        "award": 5000,
        "typeBtn": 5
    },
    {
        "id": 6,
        "typeId": 1,
        "typeName": "Особое",
        "description": "Потратьте 10 000 BC",
        "requirementDescription": "Потрачено:",
        "count": 10000,
        "award": 10000,
        "typeBtn": 2
    },
    {
        "id": 7,
        "typeId": 2,
        "typeName": "Ежедневное",
        "description": "Сыграйте в любую мини игру события 1 раз",
        "requirementDescription": "Сыграно:",
        "count": 1,
        "award": 500,
        "typeBtn": 5
    },
    {
        "id": 8,
        "typeId": 2,
        "typeName": "Ежедневное",
        "description": "Победите в мини игре Преступная Погоня 1 раз",
        "requirementDescription": "Выполнено:",
        "count": 1,
        "award": 500,
        "typeBtn": 5
    },
    {
        "id": 9,
        "typeId": 2,
        "typeName": "Ежедневное",
        "description": "Победите в мини игре Мастер Дрифта 1 раз",
        "requirementDescription": "Собрано:",
        "count": 1,
        "award": 500,
        "typeBtn": 5
    },
    {
        "id": 10,
        "typeId": 2,
        "typeName": "Ежедневное",
        "description": "Прокачайте 1 уровень BLACK PASS",
        "requirementDescription": "Прокачено:",
        "count": 1,
        "award": 500,
        "typeBtn": 3
    }
],
    "MiniGames": [
    {
        "id": 1,
        "playable": 1,
        "name": "Мастер Дрифта",
        "imageName": "img_minigame_1.png"
    },
    {
        "id": 2,
        "playable": 1,
        "name": "Преступная Погоня",
        "imageName": "img_minigame_2.png"
    }
    ],
    "Tutorial": [
    {
        "id": 1,
        "header": "<font color=\"#FFC700\">Двигатель</font>",
        "imageName": "img_event_tutorial_1.png",
        "description": "<font color=\"#FFC700\">Двигатель</font> будет развиваться и расти по мере того, как вы выполняете задания, участвуете в мини играх события и зарабатываете <font color=\"#FFC700\">Поршни</font>. За каждый уровень Вы получите ценную награду.<br> <font color=\"#E2310C\">Важно:</font> заработать <font color=\"#FFC700\"> Поршни</font> можно только играя во время события <font color=\"#FFC700\">Жажда Скорости 3</font>."
    },
    {
        "id": 2,
        "header": "<font color=\"#FFC700\">Рейтинг</font>",
        "imageName": "img_event_tutorial_2.png",
        "description": "Зарабатывайте <font color=\"#FFC700\">Поршни</font>, чтобы получать очки рейтинга. Чем выше Ваше положение в таблице рейтинга, тем ценнее награды Вы можете получить.<br> <font color=\"#E2310C\">Важно:</font> все награды рейтинга  <font color=\"#FFC700\">уникальные</font>, и выдаются в конце события."
    },
    {
        "id": 3,
        "header": "<font color=\"#FFC700\">Задания</font>",
        "imageName": "img_event_tutorial_3.png",
        "description": "Выполняйте <font color=\"#FFC700\">Ежедневные</font> и <font color=\"#FFC700\">Особые</font> задания и получайте <font color=\"#FFC700\">Поршни</font> для улучшения своего <font color=\"#FFC700\">Двигателя</font>.<br> <font color=\"#E2310C\">Важно:</font> <font color=\"#FFC700\">Ежедневные</font> задания обновляются каждый день. <font color=\"#FFC700\">Особые</font> задания выполняются один раз за все событие. Благодаря ним вы можете заработать сразу большое количество <font color=\"#FFC700\">Поршней</font>."
    },
    {
        "id": 4,
        "header": "<font color=\"#FFC700\">Мини игры</font>",
        "imageName": "img_event_tutorial_4.png",
        "description": "Мини игры — это особые активности, доступные <font color=\"#FFC700\">только во время события</font>. Играя в них, вы зарабатываете <font color=\"#FFC700\">Поршни</font>.<br> Дневной лимит <font color=\"#FFC700\">Поршней</font> с мини игр можно увеличить, чтобы зарабатывать больше <font color=\"#FFC700\">Поршней</font>. <br><br><font color=\"#E2310C\">Важно:</font> благодаря <font color=\"#FFC700\">BLACK PASS Premium</font> вы сможете сильно увеличить свой лимит <font color=\"#FFC700\">Поршней</font>,<br> и быстрее получить <font color=\"#FFC700\">уникальные призы</font>."
    },
    {
        "id": 5,
        "header": "<font color=\"#FFC700\">Кейсы</font>",
        "imageName": "img_event_tutorial_5.png",
        "description": "Открывайте <font color=\"#FFC700\"> Кейсы события</font>!<br>Помимо уникальных наград, вы можете получить еще больше <font color=\"#FFC700\">Поршней</font> для улучшения своего <font color=\"#FFC700\">Двигателя</font>."
    }
]
  }