﻿{
    "weaponList": [
        {
            "id": 0,
            "name": "Кулак"
        },
        {
            "id": 1,
            "name": "Кастет"
        },
        {
            "id": 2,
            "name": "Клюшка для гольфа"
        },
        {
            "id": 3,
            "name": "Дубинка"
        },
        {
            "id": 4,
            "name": "Нож"
        },
        {
            "id": 5,
            "name": "Бита"
        },
        {
            "id": 6,
            "name": "Лопата"
        },
        {
            "id": 7,
            "name": "Кий"
        },
        {
            "id": 8,
            "name": "Катана"
        },
        {
            "id": 9,
            "name": "Бензопила"
        },
        {
            "id": 14,
            "name": "Цветы"
        },
        {
            "id": 15,
            "name": "Топор"
        },
        {
            "id": 16,
            "name": "Граната"
        },
        {
            "id": 17,
            "name": "Дымовая граната"
        },
        {
            "id": 18,
            "name": "Коктейль молотова"
        },
        {
            "id": 19
        },
        {
            "id": 20
        },
        {
            "id": 21
        },
        {
            "id": 22,
            "name": "Пистолет"
        },
        {
            "id": 23,
            "name": "Парализатор"
        },
        {
            "id": 24,
            "name": "Desert Eagle"
        },
        {
            "id": 25,
            "name": "Дробовик"
        },
        {
            "id": 26,
            "name": "Обрез"
        },
        {
            "id": 27,
            "name": "Тактический дробовик"
        },
        {
            "id": 28,
            "name": "Micro-Uzi"
        },
        {
            "id": 29,
            "name": "MP5"
        },
        {
            "id": 30,
            "name": "AK-47"
        },
        {
            "id": 31,
            "name": "АК-74М"
        },
        {
            "id": 32,
            "name": "TEC-9"
        },
        {
            "id": 33,
            "name": "Винтовка"
        },
        {
            "id": 34,
            "name": "Снайперская винтовка"
        },
        {
            "id": 35,
            "name": "РПГ"
        },
        {
            "id": 36,
            "name": "Самонаводящаяся установка"
        },
        {
            "id": 37,
            "name": "Огнемет"
        },
        {
            "id": 38,
            "name": "Миниган"
        },
        {
            "id": 39,
            "name": "C4"
        },
        {
            "id": 40,
            "name": "Кнопка детонатора"
        },
        {
            "id": 41,
            "name": "Баллончик"
        },
        {
            "id": 42,
            "name": "Огнетушитель"
        },
        {
            "id": 43,
            "name": "Фотоаппарат"
        },
        {
            "id": 44,
            "name": "Очки ночного видения"
        },
        {
            "id": 45,
            "name": "Очки с тепловизором"
        },
        {
            "id": 46,
            "name": "Парашют"
        },
		{
			"id": 213,
			"name": "Стационарный радар"
		},
		{
			"id": 247,
			"name": "Ручной радар"
		}
    ],
    "fractionWeapon": [
        {
            "fractionId": 2,
            "fractionName": "Армия",
			"repositoryPickupWorld": -1,
			"repositoryPickupCoords": [1804.1218, 1729.9934, 1493.0397],
            "weaponAndMaterials": [
              {
                "weaponId": 3,
                "bulletNumber": 1,
                "materialNumber": 25
              },
              {
                "weaponId": 24,
                "bulletNumber": 100,
                "materialNumber": 200
              } ,
              {
                  "weaponId": 25,
                  "bulletNumber": 100,
                  "materialNumber": 300
              },
              {
                  "weaponId": 30,
                  "bulletNumber": 200,
                  "materialNumber": 400
              },
              {
                  "weaponId": 33,
                  "bulletNumber": 100,
                  "materialNumber": 500
              }
            ] 
        },
        {
            "fractionId": 1,
            "fractionName": "Правительство",
			"repositoryPickupWorld": 21,
			"repositoryPickupCoords": [-870.681, -1589.15, 1398.5],
            "weaponAndMaterials": [
            {
                "weaponId": 3,
                "bulletNumber": 1,
                "materialNumber": 25
            },
            {
                "weaponId": 24,
                "bulletNumber": 50,
                "materialNumber": 100
            },
            {
                "weaponId": 30,
                "bulletNumber": 100,
                "materialNumber": 200
            }
            ]
        },
        {
            "fractionId": 7,
            "fractionName": "ФСБ",
			"repositoryPickupWorld": 17,
			"repositoryPickupCoords": [2914.13, 2007.62, 2051.0],
            "weaponAndMaterials": [
                {
                    "weaponId": 3,
                    "bulletNumber": 1,
                    "materialNumber": 25
                },
                {
                    "weaponId": 23,
                    "bulletNumber": 10,
                    "materialNumber": 100
                },
                {
                    "weaponId": 24,
                    "bulletNumber": 100,
                    "materialNumber": 200
                },
                {
                    "weaponId": 25,
                    "bulletNumber": 100,
                    "materialNumber": 300
                },
                {
                    "weaponId": 30,
                    "bulletNumber": 200,
                    "materialNumber": 400
                },
                {
                    "weaponId": 33,
                    "bulletNumber": 100,
                    "materialNumber": 500
                },
                {
                    "weaponId": 34,
                    "bulletNumber": 10,
                    "materialNumber": 500
                }
            ]
        },
        {
            "fractionId": 5,
            "fractionName": "ГИБДД",
			"repositoryPickupWorld": 5,
			"repositoryPickupCoords": [-1099.9201, 1523.5153, 1499.9459],
            "weaponAndMaterials": [
                {
                    "weaponId": 3,
                    "bulletNumber": 1,
                    "materialNumber": 25
                },
                {
                    "weaponId": 23,
                    "bulletNumber": 10,
                    "materialNumber": 100
                },
                {
                    "weaponId": 24,
                    "bulletNumber": 100,
                    "materialNumber": 200
                },
                {
                    "weaponId": 25,
                    "bulletNumber": 100,
                    "materialNumber": 300
                },
                {
                    "weaponId": 30,
                    "bulletNumber": 200,
                    "materialNumber": 400
                },
                {
                    "weaponId": 33,
                    "bulletNumber": 100,
                    "materialNumber": 500
                },
				{
					"weaponId": 213,
					"bulletNumber": 1,
					"materialNumber": 100
				},
				{
					"weaponId": 247,
					"bulletNumber": 1,
					"materialNumber": 100
				}
            ]
        },    
        {
            "fractionId": 6,
            "fractionName": "УМВД",
			"repositoryPickupWorld": 6,
			"repositoryPickupCoords": [-1099.9201, 1523.5153, 1499.9459],
            "weaponAndMaterials": [
                {
                    "weaponId": 3,
                    "bulletNumber": 1,
                    "materialNumber": 25
                },
                {
                    "weaponId": 23,
                    "bulletNumber": 10,
                    "materialNumber": 100
                },
                {
                    "weaponId": 24,
                    "bulletNumber": 100,
                    "materialNumber": 200
                },
                {
                    "weaponId": 25,
                    "bulletNumber": 100,
                    "materialNumber": 300
                },
                {
                    "weaponId": 30,
                    "bulletNumber": 200,
                    "materialNumber": 400
                },
                {
                    "weaponId": 33,
                    "bulletNumber": 100,
                    "materialNumber": 500
                }
            ]
        },   
        {
            "fractionId": 11,
            "fractionName": "ФСИН",
			"repositoryPickupWorld": 0,
			"repositoryPickupCoords": [-1877.9743, -2735.0605, 7.5845],
            "weaponAndMaterials": [
                {
                    "weaponId": 3,
                    "bulletNumber": 1,
                    "materialNumber": 25
                },
                {
                    "weaponId": 24,
                    "bulletNumber": 100,
                    "materialNumber": 200
                },
                {
                    "weaponId": 25,
                    "bulletNumber": 100,
                    "materialNumber": 300
                },
                {
                    "weaponId": 30,
                    "bulletNumber": 200,
                    "materialNumber": 400
                },
                {
                    "weaponId": 33,
                    "bulletNumber": 100,
                    "materialNumber": 500
                },
                {
                    "weaponId": 34,
                    "bulletNumber": 10,
                    "materialNumber": 500
                }
            ]
        }    
    ],
    "equipment": [
        {
            "fractionId": 2,
            "fractionName": "Армия",
			"equipmentPickupWorld": -1,
			"equipmentPickupCoords": [1800.9984, 1728.0009, 1493.0397],
            "equipmentList": [
                {
                    "equipmentId": 1,
                    "modelId": 2641,
                    "name": "Маска",
                    "materialNumber": 50
                },
                {
                    "equipmentId": 2,
                    "name": "Бронежилет",
                    "materialNumber": 50,
                    "armour": 100
                }
            ]
        },
        {
            "fractionId": 1,
            "fractionName": "Правительство",
			"equipmentPickupWorld": 21,
			"equipmentPickupCoords": [-872.424, -1589.15, 1398.5],
            "equipmentList": [
                {
                    "equipmentId": 1,
                    "modelId": 2641,
                    "name": "Маска",
                    "materialNumber": 50
                },
                {
                    "equipmentId": 2,
                    "name": "Бронежилет",
                    "materialNumber": 50,
                    "armour": 100
                }
            ]
        },
        {
            "fractionId": 7,
            "fractionName": "ФСБ",
			"equipmentPickupWorld": 17,
			"equipmentPickupCoords": [2913.74, 2009.96, 2051.0],
            "equipmentList": [
                {
                    "equipmentId": 1,
                    "modelId": 2641,
                    "name": "Маска",
                    "materialNumber": 50
                },
                {
                    "equipmentId": 2,
                    "name": "Бронежилет",
                    "materialNumber": 50,
                    "armour": 100
                }
            ]
        },
        {
            "fractionId": 5,
            "fractionName": "ГИБДД",
			"equipmentPickupWorld": 5,
			"equipmentPickupCoords": [-1103.6005, 1524.2557, 1499.9459],
            "equipmentList": [
                {
                    "equipmentId": 1,
                    "modelId": 2641,
                    "name": "Маска",
                    "materialNumber": 50
                },
                {
                    "equipmentId": 2,
                    "name": "Бронежилет",
                    "materialNumber": 50,
                    "armour": 100
                },
                {
                    "equipmentId": 5,
                    "modelId": 32144,
                    "name": "Мегафон",
                    "materialNumber": 50
                }
            ]
        },
        {
            "fractionId": 6,
            "fractionName": "УМВД",
			"equipmentPickupWorld": 6,
			"equipmentPickupCoords": [-1103.6005, 1524.2557, 1499.9459],
            "equipmentList": [
                {
                    "equipmentId": 1,
                    "modelId": 2641,
                    "name": "Маска",
                    "materialNumber": 50
                },
                {
                    "equipmentId": 2,
                    "name": "Бронежилет",
                    "materialNumber": 50,
                    "armour": 100
                }
            ]
        },
        {
            "fractionId": 11,
            "fractionName": "ФСИН",
			"equipmentPickupWorld": 0,
			"equipmentPickupCoords": [-1877.7003, -2725.5581, 8.5846],
            "equipmentList": [
                {
                    "equipmentId": 1,
                    "modelId": 2641,
                    "name": "Маска",
                    "materialNumber": 50
                },
                {
                    "equipmentId": 2,
                    "name": "Бронежилет",
                    "materialNumber": 50,
                    "armour": 100
                }
            ]
        }
    ]
  }