﻿{
  "fractionTask":
  [
    {
      "fractionID": 1,
      "taskList":
      [
        {
          "taskID": 0,
          "taskAccess": [
            1,
            1
          ],
          "taskTitle": "Пройти тестирование",
          "taskDescription": "Пройдите тестирование на знание Устава организации. Выберите пункт \"Документы\", и после прочтения нажмите \"К тесту\" у каждого пункта.",
          "taskInfo": "Пройдите тестирование для повышения до 2-го ранга.",
          "taskMoney": 0,
          "taskPoint": 50,
          "taskToken": 0
        },
        {
          "taskID": 1,
          "taskAccess": [
            2,
            10
          ],
          "taskTitle": "Внучка губернатора в беде",
          "taskDescription": "Губернатор области сообщил о том, что его внученька попала в непонятную передрягу. Единственное, о чем известно — ее местоположение, езжайте туда и самостоятельно узнайте о произошедшем.",
          "taskInfo": "Внучка губернатора попала в беду. Ей нужно помочь.",
          "taskMoney": 10000,
          "taskPoint": 8,
          "taskToken": 2
        },
        {
          "taskID": 2,
          "taskAccess": [
            2,
            10
          ],
          "taskTitle": "Авторитетная бабушка Нюра",
          "taskDescription": "Бабушка Нюра имеет большой авторитет в своей деревне и может вести за собой людей. Благодаря ее деятельности мы выиграли прошлые выборы, именно поэтому мы должны ей сейчас помочь, чтобы она снова помогла нам в дальнейшем.\n\nВремени медлить почти не остается, скорее отправляйтесь к ней и узнайте, что нужно сделать.",
          "taskInfo": "Авторитетная бабушка Нюра в беде. Ей нужно помочь.",
          "taskMoney": 10000,
          "taskPoint": 8,
          "taskToken": 2
        },
        {
          "taskID": 3,
          "taskAccess": [
            2,
            10
          ],
          "taskTitle": "Агитационное движение вперед",
          "taskDescription": "Впереди нас всех ждут очередные выборы губернатора. Нам очень важно переназначить нашего лидера. Будем же консолидированы в этот час, обеспечим губернатору достойную явку на выборы.\n\nА проценты... Не важно. Нет времени медлить, поскорее отправляйтесь в офис средств массовой информации за материалами.",
          "taskInfo": "Примите участие в агитации и разнесите 5 листовок.",
          "taskMoney": 10000,
          "taskPoint": 9,
          "taskToken": 2
        },
        {
           "taskID": 4,
          "taskAccess": [
            6,
            6
          ],
          "taskTitle": "Лучший лицензер области",
          "taskDescription": "Правительство ищет лучшего лицензера для щедрого вознаграждения. Чтобы им стать, необходимо продать три любые лицензии в течении дня, поторопись.",
          "taskInfo": "Продайте 3 лицензии гражданам.",
          "taskMoney": 10000,
          "taskPoint": 9,
          "taskToken": 2
        },
        {
          "taskID": 5,
          "taskAccess": [
            2,
            10
          ],
          "taskTitle": "Друзей в беде не бросают",
          "taskDescription": "Очень рад, что мы смогли договориться и убедить тебя зарабатывать чуть больше, чем ты можешь на государственной службе. В общем, как всем известно — через две недели на проверку приезжает генеральный прокурор и нам бы не хотелось, чтобы проблема с бухгалтерией стала известна.\n\nТебе необходимо забрать архивы правительства, вывезти их и сжечь. Сделаешь это быстро – получишь свои кровные, а если начнешь медлить – получишь меньше. Твоё время пошло, вперед.",
          "taskInfo": "Уничтожьте бумаги правительства до проверки.",
          "taskMoney": 20000,
          "taskPoint": -15,
          "taskToken": 0
        },
        {
          "taskID": 6,
          "taskAccess": [
            2,
            10
          ],
          "taskTitle": "Министр финансов",
          "taskDescription": "Как замечательно, что ты снова вернулся. Есть специальное задание, тебе необходимо забрать взятку из указанной на этой записке точке.\n\nЕсли справишься быстро и не привлечешь никакого лишнего внимания – получишь свои проценты. Но, если ты не справишься – пойдешь работать на шахту. Времени почти не остается, поскорее отправляйся.",
          "taskInfo": "Министр финансов поручил забрать взятку.",
          "taskMoney": 20000,
          "taskPoint": -15,
          "taskToken": 0
        }
      ]
    },
    {
      "fractionID": 2,
      "questReplacementPrice": 10,
      "finalAwardMoney": 20000,
      "taskList":
      [
        {
          "taskID": 0,
          "taskAccess": [
            1,
            1
          ],
          "taskTitle": "Пройти тестирование",
          "taskDescription": "Пройдите тестирование на знание Устава организации. Выберите пункт \"Документы\", и после прочтения нажмите \"К тесту\" у каждого пункта.",
          "taskInfo": "Пройдите тестирование для повышения до 2-го ранга.",
          "taskMoney": 0,
          "taskPoint": 50,
          "taskToken": 0
        },
        {
          "taskID": 7,
          "taskAccess": [
            2,
            10
          ],
          "taskTitle": "Проверка вышек",
          "taskDescription": "Сторожевые вышки нужно периодически проверять. Мы же не хотим, чтобы наши часовые спали, верно? Вперед!",
          "taskInfo": "Проверить 8 вышек",
          "taskMoney": 10000,
          "taskPoint": 10,
          "taskToken": 4
        },
        {
          "taskID": 8,
          "taskAccess": [
            2,
            10
          ],
          "taskTitle": "Дневальный",
          "taskDescription": "Прямая обязанность дневального - поддержание казармы в чистоте. К выполнению обязанностей приступить!",
          "taskInfo": "Навести порядок в казарме",
          "taskMoney": 10000,
          "taskPoint": 8,
          "taskToken": 3
        },
        {
          "taskID": 10,
          "taskAccess": [
            2,
            10
          ],
          "taskTitle": "Развозка материалов",
          "taskDescription": "Оружейные сами себя не наполнят. Так что — живо за баранку и в путь!",
          "taskInfo": "Доставить грузовик с материалами во фракцию",
          "taskMoney": 15000,
          "taskPoint": 15,
          "taskToken": 4
        },
        {
          "taskID": 11,
          "taskAccess": [
            2,
            10
          ],
          "taskTitle": "Учёный",
          "taskDescription": "Наши запасы медикаментов почти на нуле. Не порядок! Быстро займись этим!",
          "taskInfo": "Создать 3 медикамента в лаборатории",
          "taskMoney": 10000,
          "taskPoint": 10,
          "taskToken": 4
        },
        {
          "taskID": 12,
          "taskAccess": [
            2,
            10
          ],
          "taskTitle": "Дежурный по столовой",
          "taskDescription": "Наряд по кухне — судьба каждого солдата. К следующему приему пищи столовая должна блестеть. Вперед!",
          "taskInfo": "Подготовить столовую к приёму пищи",
          "taskMoney": 8000,
          "taskPoint": 8,
          "taskToken": 4
        },
        {
          "taskID": 21,
          "taskAccess": [
            2,
            10
          ],
          "taskTitle": "Охрана периметра",
          "taskDescription": "Что отличает воинскую часть от соседней деревни? Наличие периметра. Срочно обойти и проверить!",
          "taskInfo": "Обойти и проверить периметр воинской части",
          "taskMoney": 10000,
          "taskPoint": 10,
          "taskToken": 5
        }
      
        
      ]
    },
    {
      "fractionID": 3,
      "taskList":
      [
        {
          "taskID": 0,
          "taskAccess": [
            1,
            1
          ],
          "taskTitle": "Пройти тестирование",
          "taskDescription": "Пройдите тестирование на знание Устава организации. Выберите пункт \"Документы\", и после прочтения нажмите \"К тесту\" у каждого пункта.",
          "taskInfo": "Пройдите тестирование для повышения до 2-го ранга.",
          "taskMoney": 0,
          "taskPoint": 50,
          "taskToken": 0
        },
        {
          "taskID": 13,
          "taskAccess": [
            3,
            10
          ],
           "taskTitle": "Король медицинских карт",
          "taskDescription": "Медицинская карта — это медицинский документ, в котором лечащими врачами ведётся запись истории болезни пациента и назначаемого ему лечения. Тебе необходимо выписать пять медицинских карточек жителям области, чтобы выполнить фракционное задание.",
          "taskInfo": "Выпишите 5 медицинских карточек жителям области.",
          "taskMoney": 10000,
          "taskPoint": 15,
          "taskToken": 3
        },
        {
          "taskID": 14,
          "taskAccess": [
            2,
            10
          ],
          "taskTitle": "Лучший доктор",
          "taskDescription": "Основная обязанность больницы – это оказание квалифицированной и своевременной медицинской помощи всем, кто в ней нуждается.\n\nТебе необходимо вылечить десять пациентов, которые находятся на территории больницы.",
          "taskInfo": "Вылечите 10 пациентов на териитории больницы.",
          "taskMoney": 10000,
          "taskPoint": 15,
          "taskToken": 3
        },
        {
          "taskID": 15,
          "taskAccess": [
            4,
            10
          ],
          "taskTitle": "Спасение раненых",
          "taskDescription": "Основная обязанность больницы – это оказание квалифицированной и своевременной медицинской помощи всем, кто в ней нуждается.\n\nТебе необходимо взять карету скорой помощи, отправиться на вызовы и спасти пять раненных человек.",
          "taskInfo": "Реанимируйте и спасите 5 пострадавших на вызовах.",
          "taskMoney": 10000,
          "taskPoint": 15,
          "taskToken": 2
        },
        {
          "taskID": 16,
          "taskAccess": [
            2,
            10
          ],
          "taskTitle": "Фальсификация призыва",
          "taskDescription": "Мой знакомый сообщил о том, что совсем недавно состоялась призывная медицинская комиссия, на которой его признали годным для службы, а все личные дела призывников передали в нашу больницу.\n\nТебе необходимо взломать дверь шкафа, изъять данные его медицинской книжки, а вместо нее подбросить документы, которые я тебе дам.",
          "taskInfo": "Сфальсифицируйте результаты призывной комиссии.",
          "taskMoney": 20000,
          "taskPoint": -30,
          "taskToken": 0
        }
      ]
    },
    {
      "fractionID": 4,
      "taskList":
      [
        {
          "taskID": 0,
          "taskAccess": [
            1,
            1
          ],
          "taskTitle": "Пройти тестирование",
          "taskDescription": "Пройдите тестирование на знание Устава организации. Выберите пункт \"Документы\", и после прочтения нажмите \"К тесту\" у каждого пункта.",
          "taskInfo": "Пройдите тестирование для повышения до 2-го ранга.",
          "taskMoney": 0,
          "taskPoint": 50,
          "taskToken": 0
        },
        {
          "taskID": 17,
          "taskAccess": [
            2,
            10
          ],
          "taskTitle": "Лучший редактор",
          "taskDescription": "Качественное редактирование и проверка объявлений, которые поступают от жителей области – это важное обязательство каждого сотрудника средств массовой информации.\n\nТебе необходимо проверить и качественно отредактировать тридцать объявлений, которые прислали жители нашей области.",
          "taskInfo": "Тщательно проверьте и отредактируйте 30 объявлений.",
          "taskMoney": 10000,
          "taskPoint": 15,
          "taskToken": 3
        },
        {
          "taskID": 18,
          "taskAccess": [
            6,
            10
          ],
          "taskTitle": "Мы снова в эфире",
          "taskDescription": "Проведение качественных и интересных эфиров – это важное обязательство каждого сотрудника средств массовой информации.\n\nТебе необходимо провести любой интересный и увлекательный эфир, во время проведения которого нужно отправить 50 сообщений (/t).",
          "taskInfo": "Проведите интересный эфир длительностью 10 минут.",
          "taskMoney": 10000,
          "taskPoint": 15,
          "taskToken": 3
        },
        {
          "taskID": 19,
          "taskAccess": [
            2,
            10
          ],
          "taskTitle": "Агитационный материал",
          "taskDescription": "Впереди нас всех ждут очередные выборы губернатора. Нам необходимо оповестить всех жителей области об этом событии, чтобы была максимальная явка.\n\nТебе необходимо распечатать агитационный материал, взять его и разнести по домам.",
          "taskInfo": "Разнесите 5 агитационных материалов.",
          "taskMoney": 10000,
          "taskPoint": 15,
          "taskToken": 2
        },
        {
          "taskID": 20,
          "taskAccess": [
            2,
            10
          ],
          "taskTitle": "Потерянная SD-карта",
          "taskDescription": "В сейфе нашего директора хранится SD-карта, на которой содержится очень интересная информация с фактами фальсификации выборов губернатора. Наш директор против коррупции и хочет отнести этот материал в специальные органы.\n\n Высокопоставленные сотрудники правительства в курсе об этом и очень заинтересованы в том, чтобы ее заполучить. Они готовы заплатить неплохие деньги, если ты взломаешь сейф директора, выкрадешь SD-карту и отнесешь ее секретарю, которые находится в здании правительства.",
          "taskInfo": "Выкрадите SD-карту и отнесите ее в правительство.",
          "taskMoney": 20000,
          "taskPoint": -30,
          "taskToken": 0
        }
      ]
    },
    {
      "fractionID": 5,
      "questReplacementPrice": 10,
      "finalAwardMoney": 30000,
      "taskList":
      [
        {
          "taskID": 0,
          "taskAccess": [
            1,
            1
          ],
          "taskTitle": "Пройти тестирование",
          "taskDescription": "Пройдите тестирование на знание Устава организации. Выберите пункт \"Документы\", и после прочтения нажмите \"К тесту\" у каждого пункта.",
          "taskInfo": "Пройдите тестирование для повышения до 2-го ранга.",
          "taskMoney": 0,
          "taskPoint": 50,
          "taskToken": 0
        },
        {
          "taskID": 22,
          "taskAccess": [
            2,
            10
          ],
          "taskTitle": "Автоматический контроль",
          "taskDescription": "Превышение скорости — главная опасность на дороге. Благо, технологии помогают нам бороться с лихачами",
          "taskInfo": "Установить на карте 2 стационарных радара",
          "taskMoney": 15000,
          "taskPoint": 10,
          "taskToken": 4
        },
        {
          "taskID": 23,
          "taskAccess": [
            2,
            10
          ],
          "taskTitle": "Скоростной режим",
          "taskDescription": "На каждой дороге камеру не поставишь. Иногда приходится брать правосудие в свои руки",
          "taskInfo": "Выписать 5 штрафов, используя ручной радар",
          "taskMoney": 20000,
          "taskPoint": 10,
          "taskToken": 5
        },
        {
          "taskID": 24,
          "taskAccess": [
            4,
            10
          ],
          "taskTitle": "Продление прав",
          "taskDescription": "Забывчивых водителей не всегда нужно наказывать. Порой можно и помочь. Не бесплатно, конечно…",
          "taskInfo": "Оказать услугу по продлению прав 3 раза",
          "taskMoney": 15000,
          "taskPoint": 8,
          "taskToken": 3
        },
        {
          "taskID": 25,
          "taskAccess": [
            2,
            10
          ],
          "taskTitle": "Убойная сила",
          "taskDescription": "Если кто-то где-то там у нас порой честно жить не хочет, то придется его заставить. По коням!",
          "taskInfo": "Поймать преступника в одиночку или с напарником",
          "taskMoney": 25000,
          "taskPoint": 15,
          "taskToken": 5
        },
        {
          "taskID": 46,
          "taskAccess": [
            2,
            10
          ],
          "taskTitle": "Обед - всему голова",
          "taskDescription": "Самое приятное в работе патруля — это перекус. Сворачивай к забегаловке!",
          "taskInfo": "Заехать в любую точку общепита и перекусить",
          "taskMoney": 5000,
          "taskPoint": 7,
          "taskToken": 3
        },
        {
          "taskID": 47,
          "taskAccess": [
            2,
            10
          ],
          "taskTitle": "Патруль",
          "taskDescription": "Патрулирование — это важно. Одно присутствие полиции может предотвратить преступление.",
          "taskInfo": "Проехать по маршруту патрулирования",
          "taskMoney": 15000,
          "taskPoint": 10,
          "taskToken": 4
        },
        {
          "taskID": 48,
          "taskAccess": [
            2,
            10
          ],
          "taskTitle": "Погоня",
          "taskDescription": "Ничто так не бередит кровь, как хорошая погоня за преступником. Врубай мигалку и погнали!",
          "taskInfo": "Успешно закончить погоню",
          "taskMoney": 20000,
          "taskPoint": 15,
          "taskToken": 4
        },
        {
          "taskID": 49,
          "taskAccess": [
            2,
            10
          ],
          "taskTitle": "Жезл",
          "taskDescription": "Пост ДПС — это фильтр от подозрительных личностей. Не дай им просочиться!",
          "taskInfo": "Остановить и осмотреть на посту ДПС 2 ТС",
          "taskMoney": 20000,
          "taskPoint": 10,
          "taskToken": 4
        },
        {
          "taskID": 50,
          "taskAccess": [
            2,
            10
          ],
          "taskTitle": "Спец средства",
          "taskDescription": "Что отличает наши тачки от обычных? Наличие неприятных сюрпризов для нарушителей. Попробуй сам!",
          "taskInfo": "Использовать спецсредства во время погони",
          "taskMoney": 15000,
          "taskPoint": 10,
          "taskToken": 3
        },
        {
          "taskID": 51,
          "taskAccess": [
            2,
            10
          ],
          "taskTitle": "Большой пробег",
          "taskDescription": "Чаще всего наша работа — это не погони и задержания, а обычная патрульная рутина. Поехали",
          "taskInfo": "Проехать на служебном транспорте 10 километров",
          "taskMoney": 20000,
          "taskPoint": 10,
          "taskToken": 4
        }
      ]
    },
    {
      "fractionID": 6,
      "taskList":
      [
        {
          "taskID": 0,
          "taskAccess": [
            1,
            1
          ],
          "taskTitle": "Пройти тестирование",
          "taskDescription": "Пройдите тестирование на знание Устава организации. Выберите пункт \"Документы\", и после прочтения нажмите \"К тесту\" у каждого пункта.",
          "taskInfo": "Пройдите тестирование для повышения до 2-го ранга.",
          "taskMoney": 0,
          "taskPoint": 50,
          "taskToken": 0
        },
        {
          "taskID": 26,
          "taskAccess": [
            2,
            10
          ],
          "taskTitle": "Сделаем чистые улицы?",
          "taskDescription": "Правоохранительные органы – это органы, осуществляющие правоохранительную деятельность на территории нашей области, в которой есть множество преступников.\n\nВаша задача найти жителя области, который находится в задержать и посадить его в камеру предварительного заключения. Если начнет оказывать сопротивление – его необходимо будет устранить. Не забывайте, что все наказания должны быть полностью справедливыми и законными, иначе Вы рискуете сами оказаться за решеткой.",
          "taskInfo": "Посадите или убейте разыскиваемого гражданина.",
          "taskMoney": 10000,
          "taskPoint": 20,
          "taskToken": 4
        },
        {
          "taskID": 27,
          "taskAccess": [
            2,
            10
          ],
          "taskTitle": "Вместей - веселей!",
          "taskDescription": "Правоохранительные органы – это органы, осуществляющие правоохранительную деятельность на территории нашей области, в которой есть множество преступников.\n\nВам необходимо совместно с напарником взять служебное транспортное средство и начать патрулирование области протяженность пятнадцать минут. Если обнаружите нарушение – сообщите об этом диспетчеру и предотвратите его. Время патрулирования будет считаться только в служебном автомобиле и только при наличии напарника.",
          "taskInfo": "Совместно с напарником патрулируйте 15 минут.",
          "taskMoney": 10000,
          "taskPoint": 20,
          "taskToken": 4
        },
        {
          "taskID": 28,
          "taskAccess": [
            2,
            10
          ],
          "taskTitle": "Чего нет, того и не было...",
          "taskDescription": "Недавно моего знакомого задержали, поместили в камеру предварительного заключения и завели на него уголовное дело, в которое вложили улики.\n\nТебе необходимо прокрасться в кабинет следователя, выкрасть уголовное дело с приложенными уликами и уничтожить его.",
          "taskInfo": "Украдите документы из шкафа вашего командира.",
          "taskMoney": 20000,
          "taskPoint": -35,
          "taskToken": 0
        },
        {
          "taskID": 29,
          "taskAccess": [
            2,
            10
          ],
          "taskTitle": "Работаем по-черному!",
          "taskDescription": "Есть знакомый, который на данный момент пребывает на военной службе. Он попросил меня достать ему лекарство. Предлагает неплохие денежные средства в знак благодарности.\n\nНаша область весьма маленькая, именно поэтому все активные барыги знают почти всех сотрудников правоохранительных органов. Возможности купить лекарство на данный момент нет. Но, все же неплохой вариант есть: на складе, где хранятся улики. Тебе необходимо на него пробраться, украсть их, а затем отвезти и оставить их у забора военной части.",
          "taskInfo": "Развезите лекарства по точкам.",
          "taskMoney": 15000,
          "taskPoint": -35,
          "taskToken": 0
        },
        {
          "taskID": 30,
          "taskAccess": [
            2,
            10
          ],
          "taskTitle": "Аннулирование штрафов",
          "taskDescription": "В последнее время множество жителей области получили штрафы, оплачивать которые, конечно же, хотят не все. Мне сказали, что некоторые готовы их оплатить хоть сегодня, но если предложить им это сделать подешевле – не думаю, что откажутся.\n\nТебе необходимо найти жителей области с действующими штрафами и аннулировать их, тем самым поставив деятельность, а также репутацию своей организации под большое сомнение. Можешь предложить сделать это за некую стоимость, но будь аккуратен, они могут пожаловаться.",
          "taskInfo": "Аннулируйте некоторым жителям области 5 штрафов.",
          "taskMoney": 15000,
          "taskPoint": -35,
          "taskToken": 0
        }
      ]
    },
    {
      "fractionID": 7,
      "taskList":
      [
        {
          "taskID": 0,
          "taskAccess": [
            1,
            1
          ],
          "taskTitle": "Пройти тестирование",
          "taskDescription": "Пройдите тестирование на знание Устава организации. Выберите пункт \"Документы\", и после прочтения нажмите \"К тесту\" у каждого пункта.",
          "taskInfo": "пройдите тестирование для повышения до 2-го ранга.",
          "taskMoney": 0,
          "taskPoint": 50,
          "taskToken": 0
        },
        {
          "taskID": 31,
          "taskAccess": [
            2,
            10
          ],
          "taskTitle": "Сделаем чистые улицы?",
          "taskDescription": "Правоохранительные органы – это органы, осуществляющие правоохранительную деятельность на территории нашей области, в которой есть множество преступников.\n\nВаша задача найти жителя области, который находится в розыске, задержать и посадить его в камеру предварительного заключения. Если начнет оказывать сопротивление – его необходимо будет устранить. Не забывайте, что все наказания должны быть полностью справедливыми и законными, иначе Вы рискуете сами оказаться за решеткой.",
          "taskInfo": "Посадите или убейте разыскиваемого гражданина.",
          "taskMoney": 10000,
          "taskPoint": 10,
          "taskToken": 2
        },
        {
          "taskID": 32,
          "taskAccess": [
            2,
            10
          ],
          "taskTitle": "Вместей - веселей!",
          "taskDescription": "Правоохранительные органы – это органы, осуществляющие правоохранительную деятельность на территории нашей области, в которой есть множество преступников.\n\nВам необходимо совместно с напарником взять служебное транспортное средство и начать патрулирование области протяженность пятнадцать минут. Если обнаружите нарушение – сообщите об этом диспетчеру и предотвратите его. Время патрулирования будет считаться только в служебном автомобиле и только при наличии напарника.",
          "taskInfo": "Совместно с напарником патрулируйте 15 минут.",
          "taskMoney": 10000,
          "taskPoint": 10,
          "taskToken": 2
        },
        {
          "taskID": 33,
          "taskAccess": [
            2,
            10
          ],
          "taskTitle": "Ликвидатор",
          "taskDescription": "Поступила информация о том, что сотрудник государственной организации нарушил законодательство и украл тайные государственные документы.\n\nВаша задача найти этого сотрудника, который украл тайные государственные документы, задержать и посадить его в камеру предварительного заключения. Если начнет оказывать сопротивление – его необходимо будет устранить. Но, сначала необходимо дождаться сообщения от диспетчера, а только потом отправиться на поиски.",
          "taskInfo": "Ликвидируйте нарушителя, укравшего гос. данные.",
          "taskMoney": 10000,
          "taskPoint": 10,
          "taskToken": 2
        },
        {
          "taskID": 34,
          "taskAccess": [
            2,
            10
          ],
          "taskTitle": "Под прикрытием",
          "taskDescription": "Работа под прикрытием – это весьма опасный и сложный процесс, которые требует много времени и не терпит ошибок.\n\nВам необходимо пробыть под прикрытием тридцать минут и не дать себя обнаружить. Постарайтесь быть аккуратным, не совершайте резких или поспешных действий и решений.",
          "taskInfo": "Пробудьте под прикрытием 30 минут.",
          "taskMoney": 10000,
          "taskPoint": 10,
          "taskToken": 2
        },
        {
          "taskID": 35,
          "taskAccess": [
            2,
            10
          ],
          "taskTitle": "Аннулирование розыска",
          "taskDescription": "Есть люди, которые готовы заплатить немаленькие деньги за аннулирование розыска жителям области, потому что считают, что они выданы несправедливо и все уголовные дела – сфальсифицированы.\n\nТебе необходимо найти жителей области с действующим розыском и аннулировать его, тем самым поставив деятельность, а также репутацию своей организации под большое сомнение. Можешь предложить сделать это за некую стоимость, но будь аккуратен, они могут пожаловаться.",
          "taskInfo": "Аннулируйте розыск 5 жителям области.",
          "taskMoney": 20000,
          "taskPoint": -18,
          "taskToken": 0
        }
      ]
    },
    {
      "fractionID":11,
      "taskList":
      [
        {
          "taskID": 0,
          "taskAccess": [
            1,
            1
          ],
          "taskTitle": "Пройти тестирование",
          "taskDescription": "Пройдите тестирование на знание Устава организации. Выберите пункт \"Документы\", и после прочтения нажмите \"К тесту\" у каждого пункта.",
          "taskInfo": "Пройдите тестирование для повышения до 2-го ранга.",
          "taskMoney": 0,
          "taskPoint": 50,
          "taskToken": 0
        },
        {
          "taskID": 36,
          "taskAccess": [
            2,
            10
          ],
          "taskTitle": "Патруль",
          "taskDescription": "Вам необходимо патрулировать в служебной форме территорию тюрьмы на протяжении 30 минут, чтобы пройти испытание дежурного.",
          "taskInfo": "Патрулируйте территорию организации 30 минут.",
          "taskMoney": 10000,
          "taskPoint": 5,
          "taskToken": 1
        },
        {
          "taskID": 37,
          "taskAccess": [
            2,
            10
          ],
          "taskTitle": "Караул",
          "taskDescription": "Охрана территории тюрьмы и наблюдение за ее безопасностью – это одно из самых главных обязательств всех сотрудников.\n\nВам необходимо занять любой свободный пост на территории тюрьмы и простоять на нем тридцать минут.",
          "taskInfo": "Простойте 30 минут на любой постовой вышке.",
          "taskMoney": 10000,
          "taskPoint": 5,
          "taskToken": 5
        },
        {
          "taskID": 38,
          "taskAccess": [
            2,
            10
          ],
          "taskTitle": "Санитар",
          "taskDescription": "Самая основная и главная обязанность медицинских сотрудников лазарета – это оказание квалифицированной и своевременной медицинской помощи всем, кто в ней нуждается.\n\nТебе необходимо вылечить 5 пациентов, которые находятся в лазарете тюрьмы и нуждаются в медицинской помощи.",
          "taskInfo": "Вылечите 5 пациентов в лазарете организации.",
          "taskMoney": 10000,
          "taskPoint": 5,
          "taskToken": 1
        },
        {
          "taskID": 39,
          "taskAccess": [
            2,
            10
          ],
          "taskTitle": "По следам",
          "taskDescription": "Охрана территории тюрьмы и наблюдение за ее безопасностью – это одно из самых главных обязательств всех сотрудников.\n\nИногда заключенные совершают попытки побегов из тюрьмы. Ваша задача поймать или убить одного беглеца.",
          "taskInfo": "Предотвратите побег из тюрьмы.",
          "taskMoney": 10000,
          "taskPoint": 5,
          "taskToken": 1
        },
        {
          "taskID": 40,
          "taskAccess": [
            2,
            10
          ],
          "taskTitle": "Сыщик",
          "taskDescription": "В камерах заключенных иногда можно найти скрытые тайники, в которых заключенные порой хранят нелегальные предметы. Вам необходимо найти и вскрыть один из тайников.",
          "taskInfo": "Вскройте 1 общий тайник в камере заключенных.",
          "taskMoney": 10000,
          "taskPoint": 5,
          "taskToken": 1
        },
        {
          "taskID": 41,
          "taskAccess": [
            2,
            10
          ],
          "taskTitle": "Всегда на чеку",
          "taskDescription": "Заключенные очень часто занимаются незаконной самодеятельностью и делают нелегальные предметы на территории тюрьмы, которые впоследствии стараются спрятать при себе. Ваша задача обыскать пятерых заключенных и выявить нарушителей.",
          "taskInfo": "Обыщите 5 заключенных на территории тюрьмы.",
          "taskMoney": 10000,
          "taskPoint": 5,
          "taskToken": 1
        },
        {
          "taskID": 42,
          "taskAccess": [
            2,
            10
          ],
          "taskTitle": "Конвоир",
          "taskDescription": "Транспортировка заключенных из изолятора временного содержания (КПЗ) в тюрьму – это одна из самых главных обязанностей всех сотрудников тюрьмы.\n\nВаша задача доставить любого заключенного из изолятора временного содержания в тюрьму.",
          "taskInfo": "Перевезите заключенного из КПЗ в тюрьму.",
          "taskMoney": 10000,
          "taskPoint": 5,
          "taskToken": 1
        },
        {
          "taskID": 43,
          "taskAccess": [
            2,
            10
          ],
          "taskTitle": "Хранитель порядка",
          "taskDescription": "Иногда заключенные могут вести себя хорошо, за что получают всеразличные поощрения, а иногда заключенные могут вести себя неподобающе, за что получают выговоры.\n\nВаша задача выдать поощрение или выговор пятерым заключенным.",
          "taskInfo": "Выдайте поощрение или выговор 5 заключенным.",
          "taskMoney": 10000,
          "taskPoint": 5,
          "taskToken": 1
        },
        {
          "taskID": 44,
          "taskAccess": [
            2,
            10
          ],
          "taskTitle": "Черные дела",
          "taskDescription": "В нашей области есть уважаемые люди, которые готовы заплатить немаленькие денежки за личное дело одного из заключенных тюрьмы. Задача весьма опасная и уголовно наказуемая, но если сделать все тихо и аккуратно – никто даже не узнает.\n\nВаша задача выкрасть личное дело одного из заключенных тюрьмы из архива УМВД.",
          "taskInfo": "Выкрадите личное дело заключенного.",
          "taskMoney": 15000,
          "taskPoint": -20,
          "taskToken": 0
        },
        {
          "taskID": 45,
          "taskAccess": [
            2,
            10
          ],
          "taskTitle": "Соучастник",
          "taskDescription": "В нашей области есть уважаемые люди, которые заинтересованы в том, чтобы получить ключ от одного из автозаков тюрьмы.\n\nВаша задача целенаправленно потерпеть поражение при нападении на автозак с перевозимым заключенным.",
          "taskInfo": "Потеряйте ключ от автозака.",
          "taskMoney": 15000,
          "taskPoint": -20,
          "taskToken": 0
        }
      ]
    }
  ]
}