﻿{
  "poses" : [
    {
      "name": "Cuffed",
      "rotators": [
        {
          "bone": 32,
          "rotation": [
              1.8325958251953125,
              0.7853981852531433,
              1.0471975803375244
          ]
        },
        {
          "bone": 33,
          "rotation": [
              -0.6632251143455505,
              0.3490658700466156,
              0.0
          ]
        },
        {
          "bone": 34,
          "rotation": [
              -0.05235987901687622,
              -0.942477822303772,
              -1.0122909545898438
          ]
        },
        {
          "bone": 22,
          "rotation": [
              1.8325958251953125,
              -0.7853981852531433,
              -1.0471975803375244
          ]
        },
        {
          "bone": 23,
          "rotation": [
              -0.6632251143455505,
              -0.3490658700466156,
              0.0
          ]
        },
        {
          "bone": 24,
          "rotation": [
              0.05235987901687622,
              0.9599310755729675,
              1.0471975803375244
          ]
        }
      ]
    }
  ]
}
