﻿{
  "radio_stations": [
    {
      "cover": "gangster_music.png",
      "id": "gangster_music",
      "name": "Gangster Music",
      "url": "http://radio.blackrussia.online/listen/gangster_music_[uncensored]/radio",
      "url_uncensored": "http://radio.blackrussia.online/listen/gangster_music_[uncensored]/radio"
    },
    {
      "cover": "high_head.png",
      "id": "high_head",
      "name": "High Head",
      "url": "http://radio.blackrussia.online/listen/high_head_radio_[censored]/radio",
      "url_uncensored": "http://radio.blackrussia.online/listen/high_head_radio_[uncensored]/radio"
    },
    {
      "cover": "phonk_city_radio.png",
      "id": "phonk_city_radio",
      "name": "Phonk City Radio",
      "url": "http://radio.blackrussia.online/listen/phonk_city_radio_[uncensored]/radio",
      "url_uncensored": "http://radio.blackrussia.online/listen/phonk_city_radio_[uncensored]/radio"
    },
    {
      "cover": "dnb_nation.png",
      "id": "dnb_nation",
      "name": "DnB Nation",
      "url": "http://radio.blackrussia.online/listen/dnb_nation_[uncensored]/radio",
      "url_uncensored": "http://radio.blackrussia.online/listen/dnb_nation_[uncensored]/radio"
    }
  ]
}