﻿{
  "_comment_": "place - это место позиции в списке на клиенте (вдруг Гордеев захочет поменять позиции, чтобы не было зависимостей в ключе id ( не менять на сервере тоже )",
  "spawnLocation": [
    {
      "id": 0,
      "place": 2,
      "place_name": "Фракция"
    },
    {
      "id": 1,
      "place": 0,
      "place_name": "Вокзал"
    },
    {
      "id": 2,
      "place": 1,
      "place_name": "Последнее место"
    },
    {
      "id": 3,
      "place": 3,
      "place_name": "Гараж"
    },
    {
      "id": 4,
      "place": 4,
      "place_name": "Дом"
    },
    {
      "id": 5,
      "place": 6,
      "place_name": "Семейный гараж"
    },
    {
      "id": 6,
      "place": 7,
      "place_name": "Семейный дом"
    },
    {
      "id": 7,
      "place": 5,
      "place_name": "Яхта"
    }
  ]
}