﻿{
    "mapping": [
		    {
				    "fractionId": 0,
				    "_descr": "Личный",
				    "categories": [1, 2, 3, 4, 5, 6, 7, 9, 10, 11, 12, 13, 14, 15, 16, 17, 18, 19, 30]
				},
        {
				    "fractionId": 1,
				    "_descr": "Правительство",
				    "categories": [20, 21, 22, 23, 24, 25, 26, 27, 28]
				},
        {
				    "fractionId": 2,
				    "_descr": "Армия",
				    "categories": [20, 21, 22, 23, 24, 25, 26, 27, 28, 29]
				},
        {
				    "fractionId": 3,
				    "_descr": "Больница",
				    "categories": [20, 21, 22, 23, 24, 25, 26, 27, 28]
				},
        {
				    "fractionId": 4,
				    "_descr": "СМИ",
				    "categories": [20, 21, 22, 23, 24, 25, 26, 27, 28]
				},
				{
				    "fractionId": 5,
				    "_descr": "ГИБДД",
				    "categories": [20, 21, 22, 23, 24, 25, 26, 27, 28, 29]
				},
				{
				    "fractionId": 6,
				    "_descr": "УМВД",
				    "categories": [20, 21, 22, 23, 24, 25, 26, 27, 28]
				},
				{
				    "fractionId": 7,
				    "_descr": "ФСБ",
				    "categories": [20, 21, 22, 23, 24, 25, 26, 27, 28]
				},
				{
				    "fractionId": 11,
				    "_descr": "ФСИН",
				    "categories": [20, 21, 22, 23, 24, 25, 26, 27, 28]
				}
    ]
}