﻿{
  "frames": [
        {
            "id": 1,
            "vipLevel": 0,
            "name": "Базовая",
            "image": "img_default_Frame.png"
        },
        {
            "id": 2,
            "vipLevel": 1,
            "name": "Серебряная",
            "image": "img_silver_Frame.png"
        },
        {
            "id": 3,
            "vipLevel": 2,
            "name": "Золотая",
            "image": "img_gold_Frame.png"
        },
        {
            "id": 4,
            "vipLevel": 3,
            "name": "Платиновая",
            "image": "img_platinum_Frame.png"
        }
        ],
  "backgrounds": [    
        {
            "id": 1,
            "name": "Black Russia",
            "image": "img_color_Background.png"
        },
        {
            "id": 2,
            "name": "Игра по-черному",
            "image": "img_black_Background.png"
        },
        {
            "id": 3,
            "name": "Узор из песка",
            "image": "img_mixture_Background.png"
        },
        {
            "id": 4,
            "name": "Взрыв цветов",
            "image": "img_explosion_Background.png"
        },
        {
            "id": 5,
            "name": "Морской берег",
            "image": "img_lines_Background.png"
        },
        {
            "id": 6,
            "name": "Барханы",
            "image": "img_waves_Background.png"
        },
        {
            "id": 7,
            "name": "Галактика",
            "image": "img_space_Background.png"
        },
        {
            "id": 8,
            "name": "Дорога без конца",
            "image": "img_road_Background.png"
        },
        {
            "id": 9,
            "name": "Авто встреча",
            "image": "img_parking_Background.png"
        }
        ],
  "avatars": [
        {
            "id": 1,
            "name": "Black Russia",
            "image": "img_avatar_152.png"
        },
        {
            "id": 2,
            "name": "Виктор",
            "image": "img_avatar_147.png"
        },
        {
            "id": 3,
            "name": "Кристина",
            "image": "img_avatar_148.png"
        },
        {
            "id": 4,
            "name": "Рыжуля",
            "image": "img_avatar_158.png"
        },
        {
            "id": 5,
            "name": "Посейдон",
            "image": "img_avatar_27.png"
        },
        {
            "id": 6,
            "name": "Змей",
            "image": "img_avatar_21.png"
        },
        {
            "id": 7,
            "name": "Победитель",
            "image": "img_avatar_22.png"
        },
        {
            "id": 8,
            "name": "Волчара",
            "image": "img_avatar_23.png"
        },
        {
            "id": 9,
            "name": "Крутой пилот",
            "image": "img_avatar_24.png"
        },
        {
            "id": 10,
            "name": "Мурррлин",
            "image": "img_avatar_25.png"
        },
        {
            "id": 11,
            "name": "Ночной хулиган",
            "image": "img_avatar_153.png"
        },
        {
            "id": 12,
            "name": "Кавалерист",
            "image": "img_avatar_161.png"
        },
        {
            "id": 13,
            "name": "Весь в белом",
            "image": "img_avatar_162.png"
        },
        {
            "id": 14,
            "name": "Антиквар",
            "image": "img_avatar_163.png"
        },
        {
            "id": 15,
            "name": "Гангстер",
            "image": "img_avatar_164.png"
        }
        ],
  "help": [
    {
        "id": 1,
        "header": "О проекте",
        "text": "[color=#E0584B]BLACK RUSSIA [/color]- это мобильная игра с картой России.[br/] Интересный игровой мод: наличие квестовой линии, множество интересных работ, система семей, одиннадцать различных организаций.[br/] Новые 3D интерьеры и здания, которые погрузят Вас в реальность прямо на [color=#85D359]Вашем [/color]устройстве.[br/] [br/]Около 100 уникальный автомобилей, от отечественных до премиальных суперкаров.[br/] [br/]Мы разработали большое количество по настоящему крутых скинов, которые Вы сможете приобрести в магазинах одежды.[br/] Играйте на наших серверах в любом месте, где бы Вы не находились!"
    },
    {
        "id": 2,
        "header": "Безопасность",
        "text": "Администрация [color=#E0584B]Black Russia [/color]убедительно просит Вас не сообщать свои данные, а именно - пароли/email адреса, третьим лицам.[br/] [br/] Не вводить свой [color=#85D359]логин/пароль [/color]на других игровых проектах. Не устанавливать на свои устройства подозрительные программы.[br/] Администрация [color=#E0584B]Black Russia [/color]никогда не просит сообщить свой пароль."
    },
    {
        "id": 3,
        "header": "Основы игры",
        "text": "Играя на нашем сервере, каждый час[color=#85D359](Pay Day) [/color]Вы будете получать очки опыта[color=#85D359](Exp). [/color]При накоплении их до определенного количества персонаж повышает свой уровень.[br/] [br/] С каждым новым игровым уровнем для Вас будут открыты новые [color=#555555]работы и возможности, [/color]которые позволят быстрее развиваться на сервере.[br/] Для просмотра своей статистики кликните по игровому чату и введите команду [color=#0099CC]/mm[br/] [br/] [/color]Она позволит Вам ознакомиться со всеми основными командами на сервере, использовать личные настройки или задать интересующий вопрос администрации [color=#E0584B]Black Russia[br/][/color]"
    },
    {
        "id": 4,
        "header": "Role Play",
        "text": "[color=#85D359]Role Play [/color]- игра, где участник принимает какую-то роль и в любых игровых ситуациях действует соответственно этой роли.[br/] [br/] [color=#85D359]Ролевая игра [/color]— это вид драматического действия, участники которого действуют в рамках выбранных ими ролей, руководствуясь характером своей роли и внутренней логикой среды действия, а не внешним сценарием поведения. То есть то, как будут развиваться события, зависит именно от действий игроков. Таким образом, сам процесс игры представляет собой моделирование группой людей той или иной ситуации."
    },
    {
        "id": 5,
        "header": "Первые шаги",
        "text": "Сразу после регистрации аккаунта для Вас будут доступы три основные работы: [color=#0099CC]шахтер, сборщик запчастей на заводе, фермер.[br/] [/color]Каждая работа по своему интересна и разнообразна. Чтобы выбрать ту, которая действительно Вам понравится, мы рекомендуем попробовать их все.[br/] [br/] Каждое место работы Вы сможете найти, используя свой GPS. Для этого достаточно ввести [color=#0099CC]/gps - работы для новичков.[br/] [/color]Используйте подходящий автобус, чтобы добраться до точки.[br/] [br/] Как только Вы заработаете нужную сумму денег, отправляйтесь в Автошколу и получите водительское удостоверение.[br/] [br/] Цена экзамена - [color=#85D359]2500 руб.[br/] [/color]Перед сдачей обязательно изучите все, что будет Вам предложено в автошколе, это позволит избежать повторных затрат на пересдачу.[br/] [br/] После этого отправляйтесь к Правительству и ознакомитесь с теми работами, которые предлагает Вам государство."
    },
    {
        "id": 6,
        "header": "Общение",
        "text": "Всего на сервере доступно два основных чата:[br/][color=#E0584B]In Character (IC) [/color]- чат, в котором общаются непосредственно игровые персонажи. Этот чат является основным и именно в нем отыгрывается [color=#555555]Role Play [/color]режим.[br/] [br/][color=#85D359]Out Of Character (ООС) [/color]- все, что касается реального, а не игрового мира, Вы сможете обсудить в этом чате. Для этого используйте команду[br/][color=#0099CC]/n[/color]. Она выделит Ваше сообщение двойными скобками [color=#0099CC](( ))[/color].[br/] [br/]Помимо этого Вы можете использовать мобильный телефон:[br/]Вступив в организацию для Вас станут активны дополнительные чаты [color=#0099CC]/r[br/][/color]или [color=#0099CC]/f[/color].[br/] [br/]Для организации СМИ - есть возможность проводить публичные эфиры.[br/]Все эти чаты являются - [color=#E0584B]In Character (IC).[br/][/color]"
    },
    {
        "id": 7,
        "header": "Транспорт",
        "text": "Проект имеет развитую транспортную инфраструктуру, благодаря которой Вы можете быстро перемещаться по городам или осуществлять грузовые перевозки.[br/] [br/]Первый и основной [color=#85D359]транспорт[/color], с которым Вам придется встретиться - автобус. С их помощью Вы сможете добраться до всех основных мест на карте. Маршруты грамотно проложены по всем работам и организациям.[br/]Вам останется лишь выбрать нужный маршрут для Вас.[br/] [br/]Второй общественный вид транспорта - [color=#85D359]Такси[/color].[br/]Вы можете воспользоваться услугами одной из трёх конкурирующих между собой компаний такси.[br/] [br/][color=#85D359]Грузоперевозки [/color]- Правительству всегда требуются новые водители для осуществления грузовых перевозок на дальние расстояния. Благодаря этому происходит пополнение товара частных бизнесов и крупных предприятий.[br/] [br/][color=#85D359]Собственное авто [/color]- Приобрести его можно в автосалоне.[br/]Изначально для каждого игрока доступен 1 слот для автомобиля, в дальнейшем Вы можете увеличить количество приобретаемых авто. Собственное транспортное средство имеет износ и пробег, которые учитываются при продаже. По мимо этого каждое авто подлежит регистрации в [color=#0099CC]ГИБДД.[/color]"
    },
    {
        "id": 8,
        "header": "Государственное значение",
        "text": "Вся игровая жизнь происходит под контролем правительства –главной организации в области.[br/] [br/]Правительство находится в центре города Нижегородск, за которым следит губернатор Нижегородской области. Раз в месяц проходят выборы губернатора, в которых может принять участие любой гражданин, отдав свой голос за достойного кандидата.[br/]А перед этим проводится не менее интересная избирательная интервенция.[br/]Где кандидаты на пост «Губернатор» устраивают дебаты, концерты и митинги, завоевывая своих новых избирателей.[br/] [br/]Государственную власть и ее значение не опишешь нескольким предложениями.[br/]Политическая жизнь необычайно насыщенная и уникальная по-своему.[br/]Вы сами убедитесь в этом с первых дней жизни у нас!"
    },
    {
        "id": 9,
        "header": "Место жительства",
        "text": "По всей области расположены жилые дома и квартиры, которые можно приобрести.[br/]Каждое жилье имеет свою стоимость, от которого зависит множество факторов. Можно приобрести маленькую уютную квартиру за маленькие деньги, или отдать миллионы за роскошный особняк в престижном районе.[br/] [br/]Если у Вас имеется дом, то Вы сможете приобрести автомобиль, который будет храниться у Вас в гараже. Также, на нашем сервере присутствует система улучшений Вашего жилища, к примеру: шкаф, с помощью которого можно менять внешность и хранить одежду.[br/]А также автоматические двери. Этот лишь маленькая часть возможностей жилья.[br/] [br/]В зависимости от престижности жилья с Вас будет взиматься ежедневная плата за коммунальные услуги. Если долгое время на счету будет сохраняться отрицательный баланс, то сотрудники правительства в силе выселить Вас."
    },
    {
        "id": 10,
        "header": "Бизнес и АЗС",
        "text": "Вы можете открыть своё собственное дело и зарабатывать большие суммы.[br/]Это может быть [color=#85D359]АЗС[/color], [color=#85D359]автосалон[/color], [color=#85D359]магазин одежды [/color]или даже[color=#85D359] магазин оружия[/color], [color=#85D359]закусочная [/color]и [color=#85D359]24/7[/color]! Вы можете стать обладателем любого данного бизнеса.[br/] [br/]Имея бизнес, перед Вами открываются большие перспективы для привлечения новых покупателей, тем самым повышая свои доходы.[br/]Вы сможете регулировать цены, улучшая различные характеристики своего бизнеса, одновременно проводя борьбу с конкурентами.[br/] [br/][color=#E0584B]АЗС [/color][color=#888888](автозаправочная станция) [/color]— особый тип бизнеса, доходы которого значительно выше, чем от обычных бизнесов.[br/]Для стабильной работы [color=#E0584B]АЗС[/color] нужно регулярно заключать контракты со службой доставки топлива. Игрок может владеть обычным бизнесом и [color=#E0584B]АЗС [/color]одновременно."
    },
    {
        "id": 11,
        "header": "Банки, хранение средств",
        "text": "Каждый игрок получает свой счет в банке. На него перечисляется зарплата и прочие доходы. Этот счет называется основным и доступен в любом банкомате.[br/] [br/]Помимо этого, Вы можете воспользоваться услугами профессиональных банков, найти которые поможет GPS. Там можно открыть до 8 дополнительных счетов. Каждый из них имеет свой номер, который выдается банком при создании счета. Зная его, любой игрок может перечислить Вам деньги, даже если Вы оффлайн. Например, можно создать счет с названием \\\"Благотворительность\\\", написать об открытии благотворительной организации через СМИ, сообщить номер счета, и любой сможет перечислить на него деньги в отделении банка или через банкомат.[br/] [br/]Дополнительные счета можно настраивать, устанавливать защиту PIN-кодом, изменять названия, а также просматривать подробную историю операций."
    },
    {
        "id": 12,
        "header": "Организации",
        "text": "На нашем сервере работает большое количество организаций.[br/]Они могут быть как государственными (Правительство, ГИБДД, УМВД, ФСБ, больница, СМИ, воинская часть, ФСИН), так и неофициальными (ОПГ).[br/] [br/]При достижении определенного игрового уровня, Вы можете устроиться в любую желаемую организацию. Некоторые организации могут потребовать дополнительные критерии для вступления.[br/]Например, если Вы хотите попасть в ОПГ, то Вам придется продемонстрировать свои навыки владения оружием. А если Вы видите себя редактором объявлений, то Вы должны хорошо владеть грамматикой и ясно корректировать объявления.[br/]О дополнительных критериях Вам сообщит руководство организации во время набора сотрудников.[br/] [br/]После вступления Вам будет доступно продвижение по карьерной лестнице.[br/]Постепенно будут открываться новые возможности Вашего персонажа в организации.[br/]С каждым повышением будет увеличиваться зарплата и социальный статус в организации.[br/]Вы найдете новых друзей, а со временем сможете занять одну из руководящих должностей.[br/]Жизнь в организации — необычайно интересная и захватывающая."
    },
    {
        "id": 13,
        "header": "Работы",
        "text": "Некоторые работы доступны при достижении определенного игрового уровня. Вы не можете одновременно быть в организации, и в то же время быть устроенным на работу в правительстве.[br/] [br/]Помимо основной работы существует и подработки. К ним относятся:[br/][color=#85D359]шахта[/color], [color=#85D359]завод [/color]и [color=#85D359]склад[/color]. Такие подработки можно совмещать с основными работами, тем самым повышая себе доход. Используйте команду [color=#0099CC]/gps [/color]для того, чтобы найти месторасположение подработок.[br/]О всех подробностях и инструкциях подработки Вы узнаете на месте."
    },
    {
        "id": 14,
        "header": "Развлечения",
        "text": "Если у Вас есть свободное время и желание, то рекомендуем Вам посетить развлекательные мероприятия нашего сервера. [br/]Сейчас команда разработчиков проекта готовится и другие мероприятия, которые будут не менее интереснее имеющихся![br/] [br/]Помимо мероприятий по расписанию, администраторы сервера очень часто проводят и другие различные мероприятия, участвовать в которых не только интересно, но и выгодно — победители получают ценные призы.[br/] [br/]Определение того или иного развлекательные мероприятия, Вы узнаете заранее из информационных сообщений в общем чате."
    }
],
  "instructions": [
    {
        "id": 1,
        "header": "Общие команды",
        "text": "[color=#E0584B]/menu[/color][color=#555555](/mn) [/color]- Меню игрока[br/][color=#E0584B]/donat[/color][color=#555555](e) [/color]- Зачисления Black Coin[br/][color=#E0584B]/donate[/color][color=#555555](e) [/color]- Донат меню[br/][color=#E0584B]/gps [/color]- GPS навигатор[br/][color=#E0584B]/referals [/color]- Просмотр рефералов[br/][color=#E0584B]/help [/color]- Помощь по игре[br/][color=#E0584B]/members [/color]- Члены организации/подразделения/Сотрудники online[br/][color=#E0584B]/buy [/color]- Покупка ( [color=#555555]в магазинах / закусочных [/color])[br/][color=#E0584B]/leave [/color]- Покинуть организацию по собственному желанию[br/][color=#E0584B]/setspawn [/color]- Изменение места появления в игре[br/][color=#E0584B]/charity [/color]- Общая сумма пожертвований[br/][color=#E0584B]/liclist [/color]- Лицензёры онлайн[br/][color=#E0584B]/adlist [/color]- Адвокаты онлайн[br/][color=#E0584B]/anim[color=#555555](list) [/color]- Список анимаций[br/][color=#E0584B]/yes[/color][color=#555555](/no) [/color]- Согласиться / Отказаться от предложения[br/][color=#E0584B]/cancel [/color]- Отменить заказ[br/][color=#E0584B]/pay [/color][color=#555555]{ид игрока} [/color]- Передать деньги[br/][color=#E0584B]/givemet [color=#555555]{ид игрока} [/color]- Передать материалы игроку[br/][color=#E0584B]/lic [/color][color=#555555]{ид игрока} [/color]- Показать лицензии[br/][color=#E0584B]/pass [/color][color=#555555]{ид игрока} [/color]- Показать паспорт[br/][color=#E0584B]/med [/color][color=#555555]{ид игрока} [/color]- Показать свою медицинскую карту[br/][color=#E0584B]/skill [/color][color=#555555]{ид игрока} [/color]- Показать навыки силы[br/][color=#E0584B]/changeprop [/color][color=#555555]{ид игрока} [/color]- Предложить обмен"
    },
    {
        "id": 2,
        "header": "Общение",
        "text": "[color=#E0584B]/r [/color][color=#555555]{текст} [/color]- Чат для государственных организаций (IC)[br/][color=#E0584B]/rn [/color][color=#555555]{текст} [/color]- Чат для государственных организаций (OOC)[br/][color=#E0584B]/f [/color][color=#555555]{текст} [/color]- Чат для опасных преступных группировок (IC)[br/][color=#E0584B]/fn [/color][color=#555555]{текст} [/color]- Чат для опасных преступных группировок (OOC)[br/][color=#E0584B]/me [/color][color=#555555]{текст} [/color]- Описывает твои действие от первого лица[br/][color=#E0584B]/do [/color][color=#555555]{текст} [/color]- Описывает действие от третьего лица[br/][color=#E0584B]/try [/color][color=#555555]{текст} [/color]- Описывает действие с вероятностью успеха в 50%, если есть шанс провала.[br/][color=#E0584B]/s [/color][color=#555555]{текст} [/color]- Кричать[br/][color=#E0584B]/w [/color][color=#555555]{текст} [/color]- Шептать[br/][color=#E0584B]/ad [/color][color=#555555]{текст} [/color]- Подать объявление[br/][color=#E0584B]/news [/color][color=#555555][/color]- Гос.новости[br/][color=#E0584B]/d [/color][color=#555555]{текст} [/color]- Чат департамента для государственных организаций[br/][color=#E0584B]/p [/color]- Поднять трубку"
    },
    {
        "id": 3,
        "header": "Дома",
        "text": "[color=#E0584B]/home [/color]- Информация о доме[br/][color=#E0584B]/exit [/color]- Выход из дома[br/][color=#E0584B]/makestore [/color]- Переставить шкаф[br/][color=#E0584B]/use [/color]- Открыть шкаф[br/][color=#E0584B]/liveout [/color]- Выселится из дома[br/][color=#E0584B]/sellhome [/color]- Продать дом государству[br/][color=#E0584B]/live [/color][color=#555555]{id игрока}[/color]- Подселить игрока в свой дом[br/][color=#E0584B]/sellmyhome [/color][color=#555555]{id игрока} {стоимость}[/color]- Продать дом игроку"
    },
    {
        "id": 4,
        "header": "Гараж",
        "text": "[color=#E0584B]/garage [/color]- Информация о гараже[br/] [br/]Помощь по основному меню:[br/]Открыть/закрыть гараж - управление дверьми гаража.[br/]Продать гараж - продажа игроку государству за 70% стоимости.[br/]Улучшения - изменение функций своего гаража: возможность проживания, наличие шкафа, изменение интерьера гаража.[br/]Гараж может стать семейным, для этого лидеру семьи необходимо привязать гараж и установить его местом появления семьи."
    },
    {
        "id": 5,
        "header": "Бизнес|АЗС",
        "text": "[color=#FFCC00]- Бизнес[br/][/color][color=#E0584B]/business [/color]- Информация о бизнесе[br/][color=#E0584B]/sellbiz [/color]- Продать бизнес государству[br/][color=#E0584B]/bizmusic [/color]- Звук при входе в бизнес[br/][color=#FFCC00]- АЗС[br/][/color][color=#E0584B]/fuelst [/color]- Информация о заправке[br/][color=#E0584B]/buyfuelst [/color]- Купить заправку[br/][color=#E0584B]/sellfuelst [/color]- Продать заправку государству[br/][color=#E0584B]/sellmyfuelst [/color][color=#555555]{id игрока} {Cтоимость}[/color]- Продать заправку игроку"
    },
    {
        "id": 6,
        "header": "Работы",
        "text": "[color=#FFCC00]Автомеханик[/color][br/][color=#E0584B]/getfuel [/color][color=#555555]{кол-во в литрах} [/color]- Покупка топлива на АЗС[br/][color=#E0584B]/find [/color]- Работники онлайн[br/][color=#E0584B]/fill [/color][color=#555555]{id игрока} {кол-во топлива} {стоимость} [/color]- Заправка авто[br/][color=#E0584B]/repair [/color][color=#555555]{id игрока} {стоимость} [/color]- Починить авто[br/][br/][color=#FFCC00]МЧС[br/][/color][color=#E0584B]/meslist [/color]- Посмотреть список заказов (доступно только в транспорте)[br/][color=#E0584B]/mesinv {id} [/color]- Пригласить игрока в команде[br/][color=#E0584B]/mesleave [/color]- Расформировать команду[br/][br/][color=#FFCC00]Кладоискатель[br/][/color][color=#E0584B]/kleave [/color]- Покинуть работу[br/][color=#E0584B]/dig [/color]- Копать землю[br/][br/][color=#FFCC00]Автоугонщик[br/][/color][color=#E0584B]/carjack [/color]- Начать взлом автомобиля[br/][color=#E0584B]/scarjack [/color]- Прекратить взлом автомобиля[br/][br/][color=#FFCC00]Охотник[br/][/color][color=#E0584B]/hleave [/color]- Закончить охоту"
    },
    {
        "id": 7,
        "header": "Криминальные организации",
        "availableIds": [8,9,10],
        "text": "[color=#E0584B]/makegun[/color] [color=#555555]{id оружия} [/color]- Перевести из материала в патроны[br/][color=#E0584B]/bizwar [/color]- Организовывать захват бизнеса[br/][color=#E0584B]/bwlist [/color]- Посмотреть бизнесы под крышей банды и их прибыль[br/][color=#E0584B]/close [/color]- Открыть закрыть склад[br/][color=#E0584B]/loadgun [/color]- Запустить кражу материалов со склада военной части"
    },
    {
        "id": 8,
        "header": "Правительство",
        "availableIds": [1],
        "text": "[color=#E0584B]/givelic [color=#555555]{id игрока} {идентификатор лицензии} {цена} [/color]- Продажа лицензии[br/][color=#E0584B]/free [/color][color=#555555]{id игрока} {цена} [/color]- Выпустить игрока из тюрьмы"
    },
    {
        "id": 9,
        "header": "Правоохранительные органы",
        "availableIds": [5,6,7],
        "text": "[color=#E0584B]/search [/color][color=#555555]{id игрока} [/color]- Произвести обыск[br/][color=#E0584B]/cuff [/color][color=#555555]{id игрока} [/color]- Надеть наручники[br/][color=#E0584B]/uncuff [/color][color=#555555]{id игрока} [/color]- Снять наручники[br/][color=#E0584B]/clear [/color][color=#555555]{id игрока} [/color]- Удалить из базы разыскиваемых[br/][color=#E0584B]/su [/color][color=#555555]{id игрока / никнейм} {количество звезд} {причина} [/color]- Объявить в розыск[br/][color=#E0584B]/arrest [/color][color=#555555]{id игрока} [/color]- Арестовать игрока[br/][color=#E0584B]/takelic [/color][color=#555555]{id игрока} [/color]- Забрать права[br/][color=#E0584B]/putpl [/color][color=#555555]{id игрока} [/color]- Посадить в машину[br/][color=#E0584B]/gotome [/color][color=#555555]{id игрока} [/color]- Тащить за собой[br/][color=#E0584B]/base [/color]- Открыть бортовой компьютер[br/][color=#E0584B]/ceject [/color][color=#555555]{id игрока} [/color]- Вытащить игрока из машины[br/][color=#FFCC00]- ГИБДД[br/][/color][color=#E0584B]/ptickets [/color][color=#555555]{id игрока} [/color]- Посмотреть список штрафов[br/][color=#E0584B]/radarmap [/color]- Вызвать меню мест использования ручного радара[br/][color=#E0584B]/delticket [/color][color=#555555]{номер штрафа} [/color]- Удалить штраф по номеру[br/][color=#E0584B]/clearfine[/color][color=#555555] {имя игрока}[/color] - Вызвать список штрафов, выписанных сотрудниками ГИБДД[br/][color=#FFCC00]- ФСБ[br/][/color][color=#E0584B]/rc[/color] - IC рация для шпионажа в гос. структурах[br/][color=#E0584B]/rnc[/color] - OOC рация для шпионажа в гос. структурах[br/][color=#E0584B]/fc[/color] - IC рация для шпионажа в ОПГ[br/][color=#E0584B]/fnc[/color] - OOC рация для шпионажа в ОПГ[br/][color=#E0584B]/cmembers[/color] - Список сотрудников в организации под прикрытием[br/][color=#E0584B]/dismiss [/color][color=#555555]{id игрока} [/color] - Уволить сотрудника силовых структур (Армия, ГИБДД, УМВД). От 9 ранга в ФСБ."
    },
    {
        "id": 10,
        "header": "Армия",
        "availableIds": [2],
        "text": "[color=#E0584B]/adelivery [/color]- Открыть меню поставки материалов[br/]/givevb [color=#555555]{id игрока} [/color]- Выдать военный билет[br/]/makegun [color=#555555]{id оружия} [/color]- Перевести из материала в патроны"
    },
    {
        "id": 11,
        "header": "Больница",
        "availableIds": [3],
        "text": "[color=#E0584B]/heal [/color][color=#555555]{id игрока} {цена} [/color]- Лечения пациента[br/][color=#E0584B]/out [/color][color=#555555]{id игрока} [/color]- Выписать из больницы[br/][color=#E0584B]/ills[/color] - список раненных[br/][color=#E0584B]/medhelp [/color][color=#555555]{id игрока} {цена} [/color]- Лечения пациента (на койке)[br/][color=#E0584B]/gmedcard [/color][color=#555555]{id игрока} {цена} [/color]- Выписать медицинскую карту[br/][color=#E0584B]/pill [/color][color=#555555]{id игрока} [/color]- Выписать лекарство по рецепту[br/][color=#E0584B]/changesex [/color][color=#555555]{id игрока} {цена} [/color]- Операция по смене пола"
    },
    {
        "id": 12,
        "header": "Радио",
        "availableIds": [4],
        "text": "[color=#E0584B]/givemic [/color][color=#555555]{id игрока} [/color]- Выдать микрофон[br/][color=#E0584B]/estats [/color]- Статистика за день[br/][color=#E0584B]/t [/color][color=#555555]{текст} [/color]- Радио вещание[br/][color=#E0584B]/edit [/color]- Публикация с объявлениями[br/][color=#E0584B]/u [/color][color=#555555]{Текст} [/color]- Ответить в роле гостя ( Эфиры )"
    },
    {
        "id": 13,
        "header": "ФСИН",
        "availableIds": [11],
        "text": "[color=#E0584B]/cuff [/color][color=#555555]{id игрока} [/color]- Надеть наручники[br/][color=#E0584B]/uncuff [/color][color=#555555]{id игрока} [/color]- Снять наручники[br/][color=#E0584B]/rummage [/color]- Обыскать тайник[br/][color=#E0584B]/gotome [color=#555555]{id игрока} [/color]- Тащить за собой[br/][color=#E0584B]/search [color=#555555]{id игрока} [/color]- Произвести обыск[br/][color=#E0584B]/startmeet [/color][color=#555555]{id игрока} {время} [/color]- Начать свидание[br/][color=#E0584B]/stopmeet [/color][color=#555555]{id игрока} [/color]- Закончить свидание[br/][color=#E0584B]/mr [/color][color=#555555]{id игрока} {причина} [/color]- Выдать выговор заключенному[br/][color=#E0584B]/unmr [/color][color=#555555]{id игрока} {причина} [/color]- Снять выговор заключенному[br/][color=#E0584B]/pr [/color][color=#555555]{id игрока} {причина} [/color]- Выдать поощрение заключенному[br/][color=#E0584B]/prin [/color][color=#555555]{id игрока} {время} {причина} [/color]- Посадить заключенного в карцер[br/][color=#E0584B]/prout [color=#555555]{id игрока} {причина} [/color]- Выпустить заключенного из карцера[br/][color=#E0584B]/groom [/color][color=#555555]{id игрока} [/color]- Выдать пропуск в комнату для свиданий"
    },
    {
        "id": 14,
        "header": "Лидерам",
        "text": "[color=#E0584B]/lmenu [/color]- Открыть меню лидера[br/][color=#E0584B]/showall [/color]- Показать оффлайн игроков[color=#555555](+ offline увольнения)[br/][/color][color=#E0584B]/invite [color=#555555]{id игрока} [/color]- Принять во фракцию[br/][color=#E0584B]/uninvite [/color][color=#555555]{id игрока} [/color]- Выгнать из фракцию[br/][color=#E0584B]/changeskin [/color][color=#555555]{id игрока} [/color]- Сменить скин[br/][color=#E0584B]/fvig [color=#555555]{id игрока} {причина}[/color]- Выдать выговор[br/][color=#E0584B]/funvig [/color][color=#555555]{id игрока} [/color]- Снять выговор[br/][color=#E0584B]/rang [/color][color=#555555]{id игрока} {+ -} [/color]- Повысить/Понизить ранг"
    },
    {
        "id": 15,
        "header": "Семьи",
        "text": "[color=#E0584B]/fammenu (/fm) [/color]– основное меню управления семьей.[br/] [br/]» [color=#E0584B]Настройка семьи [/color]– в ней лидер семьи может настроить свою семью индивидуально: настроить ранг, изменить его и тому подобное.[br/] [br/]» [color=#E0584B]Управление семьей [/color]– в этом пункте происходит принятие в семью, увольнение из нее и прочие вещи относящиеся к руководству семьей.[br/] [br/][/color]» [color=#E0584B]Автопарк [/color]– в этом пункте находится панель управления транспортом семьи, управлять которым, может только человек с рангом, который имеет доступ к автомобилям семьи.[br/] [br/][/color]» [color=#E0584B]Рейтинг семьи [/color]– специальные очки, которые семья получает за наличие членов семьи онлайн в PayDay, зарабатывает на AirDrop или битвах.[br/] [br/][color=#E0584B]/fam [/color][color=#555555][сообщение] [/color]– чат семьи.[br/] [br/][color=#E0584B]/fbl [/color]– чёрный список.[br/] [br/][color=#E0584B]/loadfamily [/color]– начать загрузку / разгрузку на AirDrop.[br/] [br/]» Битва семей находится в GPS (1 - 16), для ее начала владелец семьи должен зарегистривать битву семей. Можно воевать за репутацию и деньги, которые будут списаны со склада в случае проигрыша, или пополнены в случае победы."
    },
    {
        "id": 16,
        "header": "Транспорт",
        "text": "[color=#FFCC00]- Транспорт[br/][/color][color=#E0584B]/eject [/color][color=#555555]{ид игрока} [/color]- Выкинуть игрока из машины[br/][color=#E0584B]/rem [/color]- Пристегнуть/отстегнуть ремень безопасности[br/][color=#E0584B]/buyfuel [/color]- Купить канистру[br/][color=#E0584B]/i [/color]- Заправить автомобиль на заправке [br/][color=#E0584B]/e [/color]- Завести автомобиль[br/] [br/][color=#FFCC00]- Личный транспорт[br/][/color][color=#E0584B]/sellcar [/color]- Продать машины государству[br/][color=#E0584B]/sellmycar [/color][color=#555555]{ид игрока} {Cтоимость}[/color]- Продать машину игроку[br/][color=#E0584B]/getmycar [/color]- Местоположение Вашего транспорта [br/][color=#E0584B]/car [/color]- Загрузка личного транспорта на сервер [br/][color=#E0584B]/trunk [/color]- Воспользоваться багажником транспортного средства[br/][color=#E0584B]/carpass [/color]- Показать свой технический паспорт от автомобиля[br/] [br/]Чтобы снять номера со своего личного транспортного средства воспользуйтесь командой: [color=#E0584B]/car[/color]"
    },
    {
        "id": 17,
        "header": "Прочее",
        "text": "[color=#E0584B]/binder [/color]- Меню биндера[br/][color=#E0584B]/br [/color][color=#555555]{номер профиля (1-5)} [/color]- Запустить профиль биндера[br/][color=#E0584B]/present [/color][color=#555555]{ид игрока} [/color]- Подарить букет цветов[br/][color=#E0584B]/add [/color][color=#555555]{id игрока} {номер телефона} [/color]- Добавить контакт в телефонную книгу[br/][color=#E0584B]/id [/color][color=#555555]{имя или часть имени игрока} - [/color]Определения ID по нику[br/][color=#E0584B]/mask [/color]- Надеть маску[br/][color=#E0584B]/book [/color]- Телефонная книга[br/][color=#E0584B]/time [/color]- Точное время[br/][color=#E0584B]/bank [/color]- Меню банка[br/][color=#E0584B]/history [/color]- История ников"
    },
    {
        "id": 18,
        "header": "Телефон",
        "text": "[color=#E0584B]/c [/color]— позвонить другим игрокам или вызвать гос. службы.[br/][color=#E0584B]/h [/color]— завершить активный звонок.[br/][color=#E0584B]/sms [/color][color=#555555]{номер телефона} {сообщение} [/color]- написать СМС-сообщение.[br/] [br/]Если в Вашем телефоне уже установлена какая-либо СИМ-карта и Вы хотите заменить ее на другую — зайдите в инвентарь, нажмите на необходимую новую СИМ-карту и воспользуйтесь кнопкой [color=#FFC700]'Использовать'[/color], чтобы вставить ее в мобильное устройство. Старая СИМ-карта будет добавлена обратно в инвентарь, а новая будет вставлена в мобильное устройство."
    },
    {
        "id": 19,
        "header": "Аукционы",
        "text": "[color=#E0584B]/auction [/color]— основное меню взаимодействия с аукционом.[br/] [br/]Чтобы выставить свой предмет на аукцион, перейдите в специальную вкладку [color=#FFC700]'Продажа'[/color], в которой выберите тип и товар, который желаете продать, а также установите ему стоимость и стоимость и составьте краткое описание.[br/] [br/]Стоит отметить, что для продажи SIM-карты или номера от транспортного средства необходимо, чтобы они находились в Вашем инвентаре. Мобильная SIM-карта добавляется в инвентарь только при покупке новой.[br/] [br/]Чтобы удалить ранее выставленный на аукцион предмет необходимо перейти в раздел [color=#FFC700]'Мои'[/color], а затем перейти в специальную вкладку [color=#FFC700]'Продажа'[/color], в которой с помощью кнопки можно будет удалить ранее выставленный на аукцион предмет."
    },
    {
        "id": 20,
        "header": "Лекарство",
        "text": "Для того, чтобы употребить лекарство, необходимо зайти в свой инвентарь, выбрать в нем лекарство, просто нажав по нему, а затем воспользоваться специальной кнопкой [color=#FFC700]'Использовать'[/color].[br/] [br/]Чтобы выращивать лекарство необходимо приобрести лопату для подвала в любом ближайшем[br/][color=#FFC700]магазине 24/7[/color], иметь в личном или семейном пользовании [color=#FFC700]деревенский домик[/color], или же [color=#FFC700]особняк на рублевке[/color], а также приобрести кусты лекарства у Кирилла [color=#FFC700][/color].[br/] [br/]После этого отправляйтесь в [color=#FFC700]подвал[/color] своего дома (приобрести его можно в управлении домом /home - улучшения).[br/] [br/]В подвале подойдите к столу, начните выращивать лекарство:[color=#FFC700]посадите его, полейте кусты[/color], дождитесь окончания времени и употребите или продайте другим игрокам.[br/] [br/]Чтобы сократить время ожидания выращивания лекарства — необходимо улучшить свой подвал: [color=#FFC700]/home - Улучшения -> Улучшение подвала[/color])."
    },
    {
        "id": 21,
        "header": "Транспортные компании",
        "text": "[color=#E0584B]1. /company[/color] - основное меню компании[br/][color=#E0584B]2. /orders[/color] - список заказов компании[br/][color=#E0584B]3. /tc[/color] - чат дальнобойщиков[br/] [br/][color=#E0584B]Описание системы[/color]:[br/] [br/]Трудоустройство в компанию возможно в главных офисах компаний, расположенных в [color=#FFC700]пгт. Батырево[/color] и [color=#FFC700]п. Бусаево[/color].[br/]Для трудоустройства Вам необходимо иметь [color=#FFC700]10 игровой уровень, медицинскую карту и профессиональные лицензии[/color]. [br/] [br/]Для начала работы Вам необходимо арендовать грузовик, арендовать его можно на парковке транспортной компании.[br/]Важно: грузовик в транспортную компанию необходимо приобрести в автосалоне грузовых автомобилей.[br/] [br/]После того, как Вы арендовали грузовик - отправляйтесь в офис компании и возьмите заказ, для этого введите команду [color=#FFC700]/orders[/color].[br/] [br/]Будьте внимательны, не каждый заказ Вам доступен.[br/]Заказы разделены на 4 класса: [color=#FFC700]обычные, хрупкие, ценные и нелегальные[/color].[br/]Получить доступ к заказам можно повышая свой рейтинг, подробнее о рейтинге можно прочитать в [color=#FFC700]/company[/color].[br/] [br/]Желаем Вам успешной перевозки грузов и отличного отдыха!"
    },
    {
        "id": 22,
        "header": "Система ремонта авто",
        "text": "[color=#FFC700]Описание системы:[/color][br/]Любое транспортное средство состоит из компонентов.[br/]На нашем проекте присутствует система [color=#FFC700]износа[/color] автомобиля,это означает, что абсолютно каждый элемент автомобиля может быть изношен, и, как следствие, испорчен.[br/]Для поддерживания Вашего автомобиля в хорошем состоянии необходимо систематически проходить [color=#FFC700]диагностику[/color] на Станции Технического Обслуживания.[br/]Детали Вашего автомобиля изнашиваются в зависимости от пройденного километража и количества ДТП с участием автомобиля.[br/]Если детали Вашего авто пришли в негодность, то необходимо произвести замену на Станции Технического Обслуживания."
    },
    {
        "id": 23,
        "header": "Строительные компании",
        "text": "[color=#E0584B]1. /bcompany[/color] - меню управления строительной компанией.[br/][color=#E0584B]2. /bc[/color] - чат строительной компании.[br/] [br/][color=#FFC700]Описание системы:[/color][br/] [br/]Строительные компании - важный бизнес для области.[br/]Каждый желающий может создать компанию в основном офисе, расположенном в [color=#FFC700]GPS >> Строительные компании.[/color][br/]Трудоустроиться в строительную компанию можно у [color=#FFC700]Прораба[/color], который находится рядом с каждым объектом строительства.[br/]Для того, чтобы найти строительный объект, воспользуйтесь командой [color=#FFC700]/GPS >> Строительные компании.[br/][/color] Обратите внимание, что работать можно только на том строительном объекте, который арендует [color=#FFC700]строительная компания.[/color][br/]В ходе работы строитель получает [color=#FFC700]навык работы[/color]. [br/]При [color=#FFC700]Строительстве многоквартирного дома[/color] будет доступна работа на экскаваторе - для этого строителю будет необходимо иметь [color=#FFC700]минимум 500 очков навыка[/color].[br/] [br/]Желаем Вам приятного строительства!"
    },
    {
        "id": 24,
        "header": "Таксопарки",
        "text": "[color=#FFC700]Команды для взаимодействия с таксопарком:[br/][/color][color=#E0584B]1. /tmenu[/color] - меню управления таксокомпанией[br/][color=#E0584B]2. /tc[/color] - чат внутри таксопарка.[br/][color=#E0584B]3. /tord[/color] - лист заказов в таксопарке.[br/][color=#E0584B]4. /tuninvite[/color] - уволить сотрудника таксопарка.[br/][color=#E0584B]5. /trank[/color] - изменить ранг сотруднику в таксопарке.[br/] [br/][color=#FFC700]Описание системы[/color][br/][color=#FFC700]Таксопарки[/color] - бизнес, который можно приобрести на аукционе. На сервере присутствует [color=#FFC700]3 таксопарка[/color], расположенные в г. Арзамас, г. Южный и п. Роговичи. Найти таксопарки можно при помощи [color=#FFC700]GPS - Таксопарки[/color]. Работать в данных таксопарках могут любые игроки, достигнувшие [color=#FFC700]3 уровня[/color] и имеющие [color=#FFC700]водительские права категории B[/color].[br/] [br/]В процессе работы водитель получает [color=#FFC700]очки опыта[/color], которые позволяют ему работать с [color=#FFC700]заказами доставки[/color] или работать на [color=#FFC700]личном автомобиле.[/color][br/] [br/][color=#FFC700]Владелец компании может полностью управлять своим таксопарком:[br/][color=#E0584B]1.[/color] Закупать автомобили в таксопарк компании (через обычные автосалоны).[br/][color=#E0584B]2.[/color] Настраивать ранги, в том числе их названия и доступ к автомобилям.[br/][color=#E0584B]3.[/color] Настраивать автомобилям тип комфортности, а также стоимость 1 километра поездки для каждого тарифа.[br/][color=#E0584B]4.[/color] Приобретать перманентные улучшения или временные бусты.[br/][color=#FFC700]Важно:[/color] За покупку улучшений или бустов снимаются выполненные заказы компании. В случае их нехватки их можно приобрести за [color=#FFC700]Black Coin.[/color][br/] [br/]Желаем Вам приятной игры и работы в таксопарках!"
    },
    {
        "id": 25,
        "header": "Ночной клуб",
        "text": "[color=#FFC700]Команды для взаимодействия с ночным клубом:[br/][/color][color=#E0584B]1. /cemenu[/color] - меню владельца ночного клуба.[br/][color=#E0584B]2. /ncleave[/color] - уволиться из ночного клуба.[br/][color=#E0584B]3. /exitvip[/color] - закончить аренду VIP-комнаты.[br/] [br/][color=#FFC700]Ночной клуб[/color] - отличное место для развлечения и проведения времени. Ночной клуб располагается в [color=#FFC700]GPS - Развлечения[/color], попасть в него может каждый желающий, прошедший [color=#FFC700]фейс-контроль[/color] (Ваша одежда не должна быть стандартной).[br/] [br/]В ночном клубе Вам доступны [color=#FFC700]клубные задания[/color], за выполнение которых Вы сможете попасть в [color=#FFC700]ТОП ночного клуба[/color] и стать VIP клиентом. Также Вам доступен [color=#FFC700]танцевальный баттл, бар, VIP комната с приватным танцем от танцовщицы[/color] и многое другое.[br/] [br/]Владелец ночного клуба может полностью управлять своим клубом, нанимать [color=#FFC700]диджея, танцовщицу или поваров[/color].[br/] [br/][color=#FFC700]1. Диджей[/color] - устанавливает музыку в ночном клубе.[br/][color=#FFC700]2. Танцовщица[/color] - танцует на подиуме в ночном клубе. У танцовщицы есть 3 уровня, от которых зависит зарплата.[br/][color=#FFC700]3. Повар[/color] - готовит еду на кухне. У поваров также есть 3 уровня, от которых зависит зарплата.[br/] [br/]Более подробно ознакомиться с возможностями Вы можете прямо в [color=#FFC700]ночном клубе[/color]. Желаем Вам приятного отдыха!"
    },
    {
        "id": 26,
        "header": "Музыка",
        "text": "[color=#E0584B]1. /music[/color] - включить музыку в машине.[br/][color=#E0584B]2. /break[/color] - остановить музыку.[br/][color=#E0584B]3. /inv[/color] - открыть инвентарь для выбора объекта.[br/][color=#FFC700]Описание системы:[/color][br/] [br/]Музыкальная система состоит из 5 элементов:[br/] [br/][color=#FFC700]- 1. Наушников[br/][/color][color=#FFC700] - 2. Колонки[br/][/color][color=#FFC700] - 3. Магнитофона (Бумбокс)[br/][/color][color=#FFC700] - 4. Сабвуфера[br/][/color][color=#FFC700] - 5. Локальной музыки в машине.[/color][br/] [br/]Для прослушивания музыки локально (только для себя) необходимо приобрести [color=#FFC700]наушники[/color] или [color=#FFC700]автомобиль[/color]. [br/] [br/]Для воспроизведения музыки всем игрокам необходимо приобрести [color=#FFC700]колонку, магнитофон[/color] или [color=#FFC700]сабвуфер[/color].[br/] [br/]Для того, чтобы включить музыку на [color=#FFC700]колонках, магнитофоне, наушниках[/color] необходимо открыть инвентарь, выбрать объект воспроизведения и нажать использовать."
    },
    {
        "id": 27,
        "header": "Инкассация",
        "text": "[color=#E0584B]Инкассатор[/color] – сотрудник банка, занимающийся транспортировкой денежных средств и других драгоценностей по нуждам банка или его клиентов.[br/] [br/]Данная работа - [color=#FFC700]командная[/color] , работать на ней можно только в паре с напарником.[br/]Для поиска напарника можно воспользоваться командой [color=#E0584B]/collist[/color][br/] [br/]Пара состоит из двух человек:[br/][color=#E0584B]1.[color=#FFC700] Водитель[/color] - член команды, арендовавший автомобиль. Он никогда не покидает автомобиль, следит за обстановкой и в случае опасности может вызвать помощь через [color=#FFC700]тревожную кнопку[/color] в инкассаторской машине.[br/][color=#E0584B]2.[color=#FFC700] Инкассатор[/color] - член команды, выполняющий роли пассажира в автомобиле и инкассатора без него. Он напрямую взаимодействует с ценным грузом и отвечает за его сохранность.[br/] [br/]Данная работа содержит в себе 3 звания:[br/][color=#E0584B]1. [/color][color=#FFC700]Инкассатор 1 класса[/color] - самый младший класс инкассатора, который может взаимодействовать заказами с меньшим числом средств и арендовать [color=#FFC700]Газель Инкассатора[/color].[br/][color=#E0584B]2. [/color][color=#FFC700]Инкассатор 2 класса[/color] - средний класс инкассатора, который может взаимодействовать с заказами с минимальным и средним количеством средств, а также арендовать [color=#FFC700]Газель Инкассатора[/color] или [color=#FFC700]Volkswagen Transporter[/color].[br/][color=#E0584B]3. [/color][color=#FFC700]Инкассатор 3 класса[/color] - самый высокий класс инкассатора, который может взаимодействовать со всеми заказами, а также арендовать [color=#FFC700]Газель Инкассатора[/color], [color=#FFC700]Volkswagen Transporter[/color] или [color=#FFC700]Mercedes-Benz V-klasse[/color].[br/] [br/]Для открытия нового уровня необходимо зарабатывать [color=#FFC700]навык[/color], который выдается за каждый [color=#FFC700]успешно выполненный заказ.[/color].[br/] [br/]Ознакомиться с личной карточкой инкассатора можно при помощи [color=#E0584B]/cmenu[/color]"
    },
    {
        "id": 28,
        "header": "Рейтинг законопослушности",
        "text": "Приветствуем! На сервер добавлено обновление [color=#FFC700]рейтинга законопослушности. [/color]Рекомендуем [color=#FFC700]прочитать [/color]информер до конца и ознакомиться с изменениями.[br/] [br/][color=#FFC700]Рейтинг законопослушности [/color]— это рейтинг, который формируется на основе отрицательных действий (убийств). Каждое беспричинное убийство отнимает [color=#FFC700]5 законопослушности. [/color]К таким убийствам относится убийство за ДТП на дороге, охрану семейного особняка и подобные бессмысленные убийства, которые не вызваны игровым процессом и не имеют смысла.[br/] [br/]Безусловно, мы прекрасно понимаем, что некоторые убийства совершены с причиной и поэтому за них законопослушность снижаться [color=#FFC700]не будет. [/color]К таким убийствам относится: убийство силовыми структурами, убийство на территории военной части (в том числе, если ОПГ убил армейца), убийство при ограблении инкассаторов, убийство произошло на войне за бизнес, убийство произошло на семейном аирдропе или битве семей, убийство произошло на мероприятии или убийство произошло во время ограбления банка.[br/] [br/]Повысить законопослушность можно, получая [color=#FFC700]PayDay [/color]в 00 минут каждого часа. За каждый час игроки получают по [color=#FFC700]1 очку[br/][/color]законопослушности (Игроки с VIP аккаунтом - 2 очка), а также законопослушность можно приобрести в донат-магазине.[br/] [br/]Стоит понимать, что игроки с [color=#FFC700]низким рейтингом законопослушности[br/][/color]сейчас получат ряд ограничений или запретов:[br/][color=#FFC700]1. [/color]Игроки с низким рейтингом законопослушности (-100) и низким уровнем не смогут приобрести лицензию на оружие, которая стала временной (действует 30 дней).[br/][color=#FFC700]2. [/color]Игроки с низкой законопослушностью (-50) будут дольше и дороже лечиться в больнице.[br/][color=#FFC700]3. [/color]Игроки с низкой законопослушностью (-125) не смогут вступить в гос. организацию.[br/][color=#FFC700]4. [/color]Игроки с низкой законопослушностью (меньше 0) не смогут работать на подработках, в том числе дальнобойщиком и инкассатором.[br/][color=#FFC700]5. [/color]У игроков с низкой законопослушностью (-75 и ниже) будет повышенная комиссия при проведении платежей.[br/][color=#FFC700]6. [/color]У игроков с низкой законопослушностью (-100 и ниже) будет повышенная стоимость оплаты недвижимости.[br/][color=#FFC700]7. [/color]У игроков с низкой законопослушностью (-150 и ниже) будет повышенная стоимость оплаты дорожных штрафов.[br/][color=#FFC700]8. [/color]У игроков с низкой законопослушностью (-500) лицензия на оружие автоматически аннулируется.[br/] [br/]Также, в случае, если игрок был наказан администраторами за убийство, на него накладывается запрет на [color=#FFC700]использование и покупку оружия [/color]в течении 24-х часов после выдачи наказания.[br/] [br/]Мы надеемся на понимание и готовы принять любые предложения по изменению системы и избавления от большого уровня агрессии на нашем проекте.[br/] [br/]Повторно прочитать данную информацию можно в [color=#FFC700]Список команд >>[br/]Законопослушность.[/color]"
    }
],
  "security": [
    {
        "id": 1,
        "text": "[color=#FFC700]Безопасность Вашего аккаунта - Ваша ответственность.[/color][br/][br/]На нашем проекте существует современная система безопасности. [br/][br/]Обезопасить Ваш аккаунт, ограничить его от взлома можно несколькими способами:[br/][br/][color=#FFC700]1. Изменение пароля[/color] - в случае, если злоумышленники получили данные от Вашего аккаунта,своевременная смена пароля сможет его защитить. [br/][br/]Мы рекомендуем ставить сложный и уникальный пароль,состоящий из букв и цифр латинского алфавита разного регистра.[br/][br/][color=#FFC700]2. Дополнительная безопасность[/color] - повышенный уровень безопасности Вашего аккаунта.[br/][br/]Мы рекомендуем каждому игроку поставить данный уровень защиты: привязать к аккаунта страницу ВКонтакте,почтовый ящик и Google Authenticator.[br/][br/]Для установки этого уровня защиты выберите [color=#FFC700]Дополнительная безопасность[/color]"
    },
    {
        "id": 2,
        "text": "[color=#FFC700]Привязка электронной почты к игровому акканту[/color] - вид защиты аккаунта, при котором уникальные коды для восстановления пароля будут приходить на электронную почту.[br/] [br/]Помните, что с этим видом защиты Вы сможете [color=#FFC700]восстановить пароль[/color], в случае, если Ваш аккаунт будет украден.[br/][br/]Мы рекомендуем включить данный тип защиты для Вашего игрового аккаунта и потенциального восстановления пароля.[br/][br/]Введите вашу действующую электронную почту в окно ниже, на неё будет отправлен код для подтверждения.[br/] [br/]Помните, что привязка к электронной почте поможет восстановить пароль от Вашего аккаунта в случае взлома или потери доступа к аккаунту"
    },
    {
        "id": 4,
        "text": "[color=#FFC700]PIN-CODE[/color] - вид защиты, при которой на аккаунт устанавливается статичный защитный код.[br/][br/]При таком виде защиты Ваш аккаунт будет защищён от злоумышленников в случае, если кто-то попытается войти на него.[br/][br/]Однако если злоумышленнику известен Ваш пин-код, он сможет зайти на аккаунт.[br/][br/]Мы рекомендуем установить данный тип защиты, а также привязать аккаунт к Google Authenticator."
    },
    {
        "id": 5,
        "text": "Для продолжения Вам необходимо придумать и набрать 4-х значный код.[br/] [br/]Эта система безопасности поможет защитить Ваш аккаунт, если на компьютер попадет вирус-кейлоггер, который перехватывает данные с клавиатуры. Кнопки всегда располагаются в случайном порядке, что не даст злоумышленникам возможность узнать Ваш PIN-код."
    },
    {
        "id": 6,
        "text": "Пинкод должен состоять из цифр.[br/]Пинкод должен быть 4-х значный."
    },
    {
        "id": 7,
        "text": "Введите Ваш будущий пин-код:"
    },
    {
        "id": 8,
        "text": "[color=#FFC700]Google Authenticator[/color] — это мобильное приложение, которое обеспечивает двухфакторную защиту игровых аккаунтов.[br/] [br/]При выборе данного вида защиты Вам потребуется установка приложения Google Authenticator на Ваше мобильное устройство.[br/] [br/]Помните, что это - один из самых безопасных видов защиты.[br/][br/]Мы рекомендуем включить его на Вашем игровом аккаунте и запрашивать специальный код при каждом входе в игру."
    },
    {
        "id": 9,
        "text": "Введите код из Google Authenticator, чтобы отключить его[br/] [br/]- Если у Вас нет доступа к Google Authenticator, воспользуйтесь отключением через EMAIL"
    },
    {
        "id": 10,
        "text": "Вам отправлен код на почту, введите его в строку ниже:"
    },
    {
        "id": 11,
        "text": "На Вашу почту был отправлен код Google Authenticator, который Вы должны ввести в приложении Google Authenticator[br/][br/]После того как Вы введете код, Вы получите 6-ти значный код, который должны ввести в строку ниже:"
    },
    {
        "id": 12,
        "text": "Введите вашу действующую электронную почту в окно ниже, на неё будет отправлен код для подтверждения.[br/] [br/]Помните, что привязка к электронной почте поможет восстановить пароль от Вашего аккаунта в случае взлома или потери доступа к аккаунту."
    },
    {
        "id": 13,
        "text": "Вы собираетесь изменить пароль от игрового аккаунта на новый. Чтобы совершить данное действие – необходимо ввести в диалоговое поле ниже актуальный пароль, который сейчас установлен на игровом аккаунте."
    },
    {
        "id": 14,
        "text": "Чтобы изменить пароль от игрового аккаунта на новый – необходимо его придумать, а затем ввести в диалоговое поле ниже.[br/] [br/][color=#FFC700]| [/color]Длина нового пароля должна быть от [color=#FFC700]6 [/color]до [color=#FFC700]16 [/color]символов.[br/][color=#FFC700]| [/color]Новый пароль не должен содержать в себе пробелы."
    },
    {
        "id": 15,
        "text": "[color=#FFC700]Привязка ВКонтакте к своему игровому аккаунту — [/color]это один из видов защиты, при котором восстановить пароль или пин-код можно будет напрямую через официальное сообщество проекта.[br/] [br/]Мы настоятельно рекомендуем включить данный тип защиты, чтобы восстановить доступ в случае взлома.[br/] [br/]Более подробная информация доступна в личных сообщениях сообщества по адресу: [color=#FFC700][url='vk.com/blackrussia.online']vk.com/blackrussia.online[/url][/color]"
    },
    {
        "id": 16,
        "text": "Чтобы привязать ВКонтакте к своему игровому аккаунту, необходимо ввести сгенерированный проверочный код из личных сообщений официального сообщества проекта: [color=#FFC700][url='vk.com/blackrussia.online']vk.com/blackrussia.online[/url][br/] [br/][/color][color=#FFC700]Примечание: [/color]вы рискуете потерять свой игровой аккаунт навсегда при вводе чужого проверочного кода. Никогда не делайте этого."
    },
    {
        "id": 17,
        "text": "[color=#FFC700]Привязка Telegram к своему игровому аккаунту — [/color]это один из видов защиты, при котором восстановить пароль или пин-код можно будет напрямую через официальное сообщество проекта.[br/] [br/]Мы настоятельно рекомендуем включить данный тип защиты, чтобы восстановить доступ в случае взлома.[br/] [br/]Более подробная информация доступна в личных сообщениях бота по адресу: [color=#FFC700][url='t.me/br_helper_bot']t.me/br_helper_bot[/url][/color]"
    },
    {
        "id": 18,
        "text": "Чтобы привязать Telegram к своему игровому аккаунту, необходимо ввести сгенерированный проверочный код из личных сообщений в официального бота проекта в Telegram: [color=#FFC700][url='t.me/br_helper_bot']t.me/br_helper_bot[/url][br/] [br/][/color][color=#FFC700]Примечание: [/color]вы рискуете потерять свой игровой аккаунт навсегда при вводе чужого проверочного кода. Никогда не делайте этого."
    },
    {
        "id": 19,
        "text": "[color=#FFC700]Привязка Discord к своему игровому аккаунту — [/color]это один из видов защиты, при котором восстановить пароль или пин-код можно будет напрямую через официальный Discord сервер проекта.[br/] [br/]Помимо этого, Вы сможете автоматически получать роли в Discord, которые соответствуют Вашим ролям в игре. [br/]Например, роль сотрудника полиции или VIP игрока сервера.[br/] [br/]Мы настоятельно рекомендуем включить данный тип защиты чтобы восстановить доступ в случае взлома.[br/] [br/]Более подробная информация доступна в текстовом канале [color=#FFC700]привязка аккаунта. [/color]Он располагается в самом верху официального Discord сервера проекта: [color=#FFC700][url='discord.gg/blackrus']discord.gg/blackrus[/url].[/color]"
    },
    {
        "id": 20,
        "text": "Чтобы привязать Discord к своему игровому аккаунту, необходимо ввести сгенерированный проверочный код из текстового канала [color=#FFC700]привязка аккаунта. [/color]Он располагается в самом верху официального Discord сервера проекта: [color=#FFC700][url='discord.gg/blackrus']discord.gg/blackrus[/url].[br/] [br/][/color][color=#FFC700]Примечание: [/color]Вы рискуете потерять свой игровой аккаунт навсегда при вводе чужого проверочного кода. [color=#FFC700]Никогда не делайте этого.[br/] [br/][/color]Вы можете привязать только по три игровых аккаунта с каждого сервера к одному Discord аккаунту. В первую очередь обязательно привязывайте свой основной аккаунт."
    }
],
  "settings_type": [
          {
          "id": 1,
          "comment": "Настройка рамки"
          },
          {
          "id": 2,
          "comment": "Настройки аватара"
          },
          {
          "id": 3,
          "comment": "Настройка фона"
          },
          {
          "id": 4,
          "comment": "Чат организации"
          },
          {
          "id": 5,
          "comment": "Отображение ВИП чата"
          },
          {
          "id": 6,
          "comment": "Отображение уведомлений старшему составу"
          },
          {
          "id": 7,
          "comment": "Игровой худ"
          },
          {
          "id": 8,
          "comment": "Цензурное радио"
          },
          {
          "id": 9,
          "comment": "Дрифт мод"
          },
          {
          "id": 10,
          "comment": "Смена пароля"
          },
          {
          "id": 11,
          "comment": "Телеграм"
          },
          {
          "id": 12,
          "comment": "ВК"
          },
          {
          "id": 13,
          "comment": "Дискорд"
          },
          {
          "id": 14,
          "comment": "PIN-CODE"
          },
          {
          "id": 15,
          "comment": "E-mail"
          },
          {
          "id": 16,
          "comment": "Google Auth"
          }
  ],
  "crowns": [
    {
        "id": 1,
        "name": "Базовая",
        "image": "img_default_Crown.png"
    },
    {
        "id": 2,
        "name": "Серебряная",
        "image": "img_silver_Crown.png"
    },
    {
        "id": 3,
        "name": "Золотая",
        "image": "img_gold_Crown.png"
    },
    {
        "id": 4,
        "name": "Платиновая",
        "image": "img_platinum_Crown.png"
    }
],
  "iconLibrary": [
    {
            "id": 1,
            "title": "Информация",
            "image": "ic_info",
            "appletId": 5
        },
        {
            "id": 2,
            "title": "Фракции",
            "image": "ic_factions",
            "appletId": 100
        },
        {
            "id": 3,
            "title": "Вызов такси",
            "image": "ic_taxi",
            "appletId": 8
        },
        {
            "id": 4,
            "title": "Анимация",
            "image": "ic_animations",
            "appletId": 12
        },
        {
            "id": 5,
            "title": "Донат",
            "image": "ic_donat",
            "appletId": 13
        },
        {
            "id": 6,
            "title": "Календарь",
            "image": "ic_calendar",
            "appletId": 18
        },
        {
            "id": 7,
            "title": "Тариф",
            "image": "ic_sim",
            "appletId": 19
        },
        {
            "id": 8,
            "title": "База знаний",
            "image": "ic_book",
            "appletId": 23
        },
        {
            "id": 9,
            "title": "Добыча",
            "image": "ic_rewards",
            "appletId": 22
        },
        {
            "id": 10,
            "title": "Инвентарь",
            "image": "ic_inventory",
            "appletId": 11
        },
        {
            "id": 11,
            "title": "Маркетплейс",
            "image": "ic_market_logo",
            "appletId": 21
        },
        {
            "id": 12,
            "title": "Промокод",
            "image": "ic_promo",
            "appletId": 15
        },
        {
            "id": 13,
            "title": "Транспорт",
            "image": "ic_transport",
            "appletId": 14
        },
        {
            "id": 14,
            "title": "Навигатор",
            "image": "ic_navigation",
            "appletId": 7
        },
        {
            "id": 15,
            "title": "Семья",
            "image": "ic_family",
            "appletId": 17
        },
        {
            "id": 16,
            "title": "Настройки игры",
            "image": "ic_gear",
            "appletId": 30
        },
        {
            "id": 17,
            "title": "Жалоба",
            "image": "ic_appeal",
            "appletId": 16
        },
        {
            "id": 18,
            "title": "Токены",
            "image": "ic_tokens",
            "appletId": 20
        },
        {
            "id": 19,
            "title": "Меню",
            "image": "ic_menu",
            "appletId": 9
        },
        {
            "id": 20,
            "title": "Ранги",
            "image": "ic_rank",
            "appletId": 110
        },
        {
            "id": 21,
            "title": "Логи",
            "image": "ic_catalog",
            "appletId": 101
        },
        {
            "id": 22,
            "title": "Черный список",
            "image": "ic_blacklist",
            "appletId": 102
        },
        {
            "id": 23,
            "title": "Магазин",
            "image": "ic_cart",
            "appletId": 104
        },
        {
            "id": 24,
            "title": "Состав",
            "image": "ic_skins",
            "appletId": 105
        },
        {
            "id": 25,
            "title": "Задания",
            "image": "ic_checklist",
            "appletId": 103
        },
        {
            "id": 26,
            "title": "Документы",
            "image": "ic_document",
            "appletId": 106
        },
        {
            "id": 27,
            "title": "Мероприятия",
            "image": "ic_event",
            "appletId": 108
        },
        {
            "id": 28,
            "title": "Тесты",
            "image": "ic_post",
            "appletId": 107
        },
        {
            "id": 29,
            "title": "Инициативы",
            "image": "ic_initiative",
            "appletId": 111 
        },
        {
            "id": 30,
            "title": "Событие",
            "image": "ic_events",
            "appletId": 24
        }
  ]
  
}